input,p1,p2,output,success
9.651505013578081,4,-2,36.606020054312324,1
-8.649914623352108,2,0,-17.299829246704217,1
-1.9313273099156536,4,-4,-11.725309239662614,1
9.861805850032251,2,-4,15.723611700064502,1
-2.93480325301406,5,3,-11.6740162650703,1
-9.961541562558413,1,4,-5.961541562558413,1
-0.3547573857073374,2,1,0.2904852285853252,1
6.311999870445554,2,5,17.623999740891108,1
8.923082740788658,5,-5,39.61541370394329,1
5.386171350405128,4,2,23.544685401620512,1
-4.064026234053763,4,0,-16.256104936215053,1
-4.590326108156626,4,-1,-19.361304432626504,1
6.724723263697776,1,0,6.724723263697776,1
-1.680362410960619,2,4,0.639275178078762,1
4.722662130657433,2,-5,4.445324261314866,1
7.874665000741402,1,-1,6.874665000741402,1
-8.438123218628286,5,-3,-45.19061609314143,1
1.1879239778671558,1,1,2.1879239778671558,1
-6.91711761297239,5,-4,-38.58558806486195,1
-6.320974525828369,2,-5,-17.641949051656738,1
-9.783977134865475,1,1,-8.783977134865475,1
9.475881530684585,1,-3,6.475881530684585,1
7.233184703683776,4,5,33.9327388147351,1
-6.0617987164982035,1,2,-4.0617987164982035,1
8.47902073245681,2,-3,13.95804146491362,1
-9.556570362896107,2,-2,-21.113140725792213,1
-8.160353373136495,3,3,-21.481060119409484,1
-1.4669358917705217,3,5,0.5991923246884348,1
0.5132185599056136,4,-1,1.0528742396224544,1
-2.69604451402349,4,5,-5.78417805609396,1
6.513622841119979,5,-4,28.568114205599898,1
4.428616659694713,5,1,23.143083298473563,1
-4.096110806376474,3,-5,-17.288332419129425,1
-9.370947942120864,3,4,-24.112843826362592,1
-5.46991777065683,4,0,-21.87967108262732,1
7.24782337964966,1,1,8.24782337964966,1
9.021998239391998,4,1,37.08799295756799,1
-3.6132659265109996,5,3,-15.066329632554996,1
0.12602462140962878,3,-2,-1.6219261357711137,1
1.4986385437381529,1,-5,-3.501361456261847,1
-2.1905694554683848,2,0,-4.3811389109367695,1
8.44785556896153,4,-1,32.79142227584612,1
-5.932810239530015,5,1,-28.664051197650075,1
-4.415016666968754,4,-4,-21.660066667875014,1
8.656000645125893,1,5,13.656000645125893,1
-9.92809424360734,3,2,-27.78428273082202,1
-0.04163560161425117,5,-2,-2.208178008071256,1
-0.3721360461869043,1,2,1.6278639538130957,1
-0.7863994827344616,3,-4,-6.359198448203385,1
6.571989750727951,1,1,7.571989750727951,1
-1.1508654636075661,2,2,-0.3017309272151323,1
1.4177537876398247,3,-3,1.2532613629194742,1
7.323896605452422,1,-2,5.323896605452422,1
-6.537738085940115,4,-2,-28.15095234376046,1
-3.1264674018669414,3,5,-4.379402205600824,1
6.901766271527329,4,-4,23.607065086109316,1
4.9773344402325606,2,0,9.954668880465121,1
-8.085434111732026,2,3,-13.170868223464051,1
3.322643393128681,2,5,11.645286786257362,1
7.150564616967539,1,2,9.15056461696754,1
-5.620474714497863,5,5,-23.102373572489316,1
3.0904772990885405,2,-3,3.180954598177081,1
-9.067322748765644,5,-3,-48.336613743828224,1
8.521401872068129,5,0,42.60700936034064,1
3.6418013946961665,2,5,12.283602789392333,1
-7.737960470970595,4,-4,-34.95184188388238,1
5.593144306620758,1,5,10.593144306620758,1
-6.337905813326126,4,1,-24.351623253304503,1
1.9434126611979927,3,-5,0.8302379835939782,1
4.797937460348287,5,-5,18.989687301741434,1
1.1743099458974253,5,-3,2.8715497294871266,1
-4.171641008404765,4,-3,-19.68656403361906,1
9.232320783573552,2,5,23.464641567147105,1
-7.606405757177073,1,-1,-8.606405757177072,1
2.075879911000486,2,1,5.151759822000972,1
5.947680201528511,4,-4,19.790720806114045,1
6.5711307926984155,3,-2,17.713392378095246,1
9.967414215342046,4,-3,36.869656861368185,1
5.108840146690062,4,3,23.435360586760247,1
9.330511688893278,5,-2,44.65255844446639,1
-2.0764266333962,3,2,-4.2292799001886,1
5.780202460814808,2,-1,10.560404921629615,1
4.61026534863678,3,5,18.83079604591034,1
6.946068006882058,4,5,32.78427202752823,1
4.6063698768893495,3,0,13.819109630668049,1
3.6067258208819286,4,0,14.426903283527714,1
6.9627902113928855,4,3,30.851160845571542,1
5.491125238603443,2,0,10.982250477206886,1
1.7302699651175537,2,5,8.460539930235107,1
-2.7168550851180377,5,3,-10.584275425590189,1
2.546261107284982,2,3,8.092522214569964,1
-9.91179818406076,1,5,-4.9117981840607605,1
0.37430622273485703,5,-3,-1.1284688863257148,1
2.1133215224160633,4,4,12.453286089664253,1
2.3332120748592367,1,-2,0.33321207485923665,1
-5.820049617794787,5,0,-29.100248088973935,1
-2.0090587763143697,5,-2,-12.045293881571848,1
-8.611226833791312,1,5,-3.611226833791312,1
-5.832270891429287,2,-4,-15.664541782858574,1
-1.4692929145767497,1,3,1.5307070854232503,1
-5.7774250786469805,4,0,-23.109700314587922,1
-3.7880587924736275,4,1,-14.15223516989451,1
1.8723305030166042,5,-3,6.361652515083021,1
-8.773499499648498,1,4,-4.773499499648498,1
0.7493185342213753,2,0,1.4986370684427506,1
3.138846607231965,2,3,9.27769321446393,1
-6.711068092796603,3,-1,-21.13320427838981,1
0.5547341334020839,2,-2,-0.8905317331958322,1
6.413827980115194,4,-1,24.655311920460775,1
-3.177214877470071,5,2,-13.886074387350355,1
-7.397938877438975,3,-4,-26.193816632316924,1
0.7883568691386209,4,2,5.153427476554484,1
3.286980274411837,4,4,17.147921097647348,1
0.9879093408950865,2,0,1.975818681790173,1
-8.861267984904975,3,-3,-29.583803954714924,1
-6.797586288573713,2,-2,-15.595172577147427,1
-0.7574571028415811,1,-3,-3.757457102841581,1
-4.968603739383468,2,-3,-12.937207478766936,1
-8.663513124843371,2,1,-16.327026249686742,1
-8.09156055748806,2,3,-13.183121114976121,1
-8.187279255601819,2,0,-16.374558511203638,1
3.0961444185391755,2,4,10.192288837078351,1
2.8021514530574407,2,3,8.604302906114881,1
9.060918561189212,1,-2,7.060918561189212,1
-6.490213953242845,2,0,-12.98042790648569,1
9.965193677228324,1,-4,5.965193677228324,1
1.3090938063873896,1,-2,-0.6909061936126104,1
9.135954830384751,4,3,39.543819321539004,1
-0.394649699778407,3,2,0.8160509006647789,1
1.8651090590381454,4,2,9.460436236152582,1
7.567988849770874,5,5,42.839944248854366,1
-7.946320783791478,2,5,-10.892641567582956,1
6.431897293323626,5,-4,28.159486466618134,1
7.330713056677151,3,-3,18.992139170031454,1
6.4168336482453014,3,0,19.250500944735904,1
-3.7742674766887685,4,1,-14.097069906755074,1
-8.40912587594499,5,1,-41.04562937972496,1
3.776095131891992,4,0,15.104380527567969,1
-6.740442309349859,4,5,-21.961769237399437,1
-0.2860301343193612,2,-1,-1.5720602686387224,1
-6.393497149548429,2,-5,-17.786994299096857,1
6.341218570295371,4,-4,21.364874281181486,1
8.521451922714931,2,1,18.042903845429862,1
3.7714996543548445,1,3,6.7714996543548445,1
0.25949779810548357,3,-4,-3.2215066056835493,1
-1.5709242013267328,5,3,-4.854621006633664,1
6.498835200661713,2,1,13.997670401323425,1
-5.798397498873489,4,2,-21.193589995493955,1
6.712074774475202,2,-2,11.424149548950403,1
-0.3357849108488882,1,3,2.664215089151112,1
8.18224465344666,5,1,41.9112232672333,1
-4.528615625063308,5,3,-19.643078125316542,1
9.660658388856532,5,3,51.30329194428266,1
-9.955716441195705,1,-3,-12.955716441195705,1
-8.625217064180513,3,-5,-30.87565119254154,1
-1.516999397556349,3,-1,-5.550998192669047,1
-5.140362817623425,2,3,-7.280725635246849,1
4.653386567145146,2,1,10.306773134290292,1
-8.69178214886148,2,-5,-22.38356429772296,1
5.524044546508245,5,-5,22.620222732541222,1
-5.259493577633498,3,-4,-19.778480732900494,1
7.971832191809174,1,-4,3.971832191809174,1
-8.780586461296831,4,-2,-37.122345845187326,1
1.6480514847258103,3,3,7.944154454177431,1
-8.42449187778644,1,5,-3.4244918777864406,1
-3.3461328683262543,5,1,-15.730664341631272,1
5.8943669517943995,5,2,31.471834758971998,1
2.6840262340560592,2,2,7.3680524681121184,1
3.532600333307263,2,3,10.065200666614526,1
5.345568169142918,4,-3,18.382272676571674,1
-3.9664081711410955,5,4,-15.832040855705479,1
-0.4762783293200208,2,-1,-1.9525566586400416,1
9.86682905781803,2,1,20.73365811563606,1
-7.790732672863965,5,-2,-40.95366336431982,1
-2.793746559517083,1,2,-0.793746559517083,1
9.827638717343188,3,-5,24.482916152029564,1
7.359061670047989,3,5,27.077185010143968,1
8.854080647095152,4,-2,33.41632258838061,1
8.864544686513234,4,-5,30.458178746052937,1
-1.6878710987752719,1,-3,-4.687871098775272,1
9.702256822591202,2,5,24.404513645182405,1
6.102950210144723,1,0,6.102950210144723,1
-5.989451622649124,5,4,-25.94725811324562,1
3.6687994422156915,1,0,3.6687994422156915,1
-9.536850560194708,2,-4,-23.073701120389416,1
0.7201637047333946,2,-1,0.4403274094667893,1
-0.8708590434567256,4,-4,-7.483436173826902,1
-2.5602123112926805,1,2,-0.5602123112926805,1
-6.806933459953164,4,2,-25.227733839812657,1
6.929108775952255,1,-4,2.9291087759522547,1
-2.527515868727022,3,-5,-12.582547606181066,1
-6.884571932039172,1,5,-1.8845719320391723,1
-8.87068070637545,1,3,-5.870680706375451,1
-4.411869992929402,3,5,-8.235609978788206,1
-7.4478959467049055,5,5,-32.239479733524526,1
-8.917427994230474,4,1,-34.669711976921896,1
2.490639004754552,1,4,6.490639004754552,1
-1.8759137090333944,5,4,-5.379568545166972,1
2.613512771148729,3,-1,6.840538313446187,1
-1.2385324859297668,1,-3,-4.238532485929767,1
5.3786561442213205,3,3,19.13596843266396,1
1.558578118339483,4,-4,2.2343124733579316,1
-8.878715333466236,2,-3,-20.75743066693247,1
-6.986433850683504,4,5,-22.945735402734016,1
-1.8261455234445005,4,2,-5.304582093778002,1
1.079075852822184,5,-3,2.39537926411092,1
-5.836061151502849,3,5,-12.508183454508547,1
-7.079509964693454,3,2,-19.23852989408036,1
5.025895992462049,1,-5,0.025895992462048767,1
2.9369168841331135,5,-2,12.684584420665567,1
-4.175009938216241,2,5,-3.350019876432482,1
8.483536541901834,3,-5,20.450609625705503,1
-4.228845373745447,2,-1,-9.457690747490894,1
7.874498276042324,4,3,34.497993104169296,1
5.213317402677051,3,-3,12.639952208031152,1
-2.568703007855067,1,1,-1.568703007855067,1
-2.433736670100326,4,-4,-13.734946680401304,1
-8.124485993930989,5,3,-37.622429969654945,1
-8.134225280095134,4,2,-30.536901120380534,1
-5.435439700708082,3,-3,-19.30631910212425,1
3.605746382585677,1,3,6.605746382585677,1
1.0480644069656453,1,2,3.0480644069656453,1
6.325981864866755,1,-2,4.325981864866755,1
0.135044666021658,2,-4,-3.729910667956684,1
-1.173621901574574,1,-3,-4.173621901574574,1
3.1520205174574265,4,2,14.608082069829706,1
-0.8368605999338712,3,1,-1.5105817998016136,1
4.0787009111818975,2,-2,6.157401822363795,1
3.6344520372699165,3,1,11.90335611180975,1
5.742518560311824,5,4,32.71259280155912,1
0.0025522220980782606,4,-2,-1.989791111607687,1
0.6565089977246785,2,-1,0.31301799544935704,1
-5.638575215916218,5,-3,-31.19287607958109,1
-7.129151423053017,1,3,-4.129151423053017,1
-3.191582307645291,4,-5,-17.766329230581164,1
-5.584446835207588,1,1,-4.584446835207588,1
-0.07486219495778101,1,-3,-3.074862194957781,1
-2.826431059804724,5,5,-9.132155299023621,1
8.346139295822017,3,-2,23.03841788746605,1
-3.409054947663215,3,-4,-14.227164842989644,1
1.871244738134605,2,-3,0.7424894762692098,1
3.1037364099589997,4,2,14.414945639835999,1
-8.350656792464754,4,1,-32.40262716985902,1
3.119922126300441,1,-4,-0.8800778736995589,1
-0.8816898439507863,1,-5,-5.881689843950786,1
3.530138626758667,5,3,20.650693133793336,1
-3.8789219676196796,4,-4,-19.51568787047872,1
0.5000829109939975,4,-4,-1.99966835602401,1
6.033883978338956,2,5,17.067767956677912,1
-7.2969197830173815,1,-4,-11.296919783017382,1
9.206359958572918,4,5,41.82543983429167,1
-5.972863378083641,2,0,-11.945726756167282,1
9.63123445719837,4,5,43.52493782879348,1
-8.076386868353158,4,-2,-34.30554747341263,1
-9.836839339170545,1,3,-6.836839339170545,1
-4.572692179989897,1,-4,-8.572692179989897,1
5.613568399746068,1,-2,3.613568399746068,1
-8.16174070955697,3,5,-19.48522212867091,1
-7.306299877306746,3,2,-19.918899631920237,1
4.985973785249527,1,3,7.985973785249527,1
5.722573666432286,5,3,31.61286833216143,1
-0.35909159500238275,3,4,2.9227252149928518,1
7.748853080358177,3,-5,18.246559241074532,1
-8.355533166339681,2,-5,-21.711066332679362,1
-2.816986993307353,3,2,-6.450960979922058,1
-3.364337299567925,3,0,-10.093011898703775,1
-9.839980474660841,3,3,-26.519941423982523,1
-8.673112521544393,4,2,-32.69245008617757,1
-5.021218047237504,3,-5,-20.06365414171251,1
5.074486660397927,2,-2,8.148973320795854,1
-7.288531833217286,2,-1,-15.577063666434572,1
8.838493630980512,2,0,17.676987261961024,1
8.481881587774932,4,3,36.92752635109973,1
5.838756552611784,2,-1,10.677513105223568,1
-1.8785959632724154,3,1,-4.635787889817246,1
-8.554534624884468,4,-4,-38.21813849953787,1
3.1115787427049018,5,-3,12.557893713524509,1
-3.0323609243913268,1,-4,-7.032360924391327,1
3.784312945124398,5,-2,16.92156472562199,1
4.303361678080824,1,5,9.303361678080824,1
-1.622395385337045,3,-3,-7.867186156011135,1
-7.8446571813879125,3,0,-23.533971544163737,1
3.8309096502925115,3,1,12.492728950877535,1
0.95578174968513,2,1,2.91156349937026,1
-2.5759454100784573,2,4,-1.1518908201569147,1
-5.221153409791635,3,-5,-20.663460229374905,1
7.29299646382162,5,-1,35.4649823191081,1
-2.573031619529205,5,1,-11.865158097646026,1
3.281745635509516,4,5,18.126982542038064,1
9.619315180692695,2,0,19.23863036138539,1
-0.259229535234045,1,1,0.740770464765955,1
-5.1353840894553855,1,-2,-7.1353840894553855,1
-7.691585533154446,5,2,-36.45792766577223,1
-5.821996082062766,2,5,-6.643992164125532,1
-9.240253854885793,5,-5,-51.20126927442897,1
7.477771914052443,1,1,8.477771914052443,1
5.772992232184279,4,2,25.091968928737117,1
8.652500730440387,4,1,35.61000292176155,1
6.986173104720152,2,-2,11.972346209440303,1
-6.8556423380081855,3,-1,-21.566927014024557,1
-6.1928042136176,3,-5,-23.5784126408528,1
2.4645196335214052,3,-5,2.3935589005642157,1
8.79770050220603,5,4,47.98850251103015,1
-0.92404171921409,3,1,-1.7721251576422699,1
-5.342836352134861,4,1,-20.371345408539444,1
4.08124210664338,4,-4,12.32496842657352,1
-2.3955403792167296,2,3,-1.7910807584334592,1
2.9106324123320917,4,4,15.642529649328367,1
9.128739157615389,4,-4,32.514956630461555,1
4.37795080527826,5,-5,16.8897540263913,1
8.868886524260908,5,-5,39.34443262130454,1
-1.102945823467028,5,-1,-6.51472911733514,1
4.277478588989037,1,3,7.277478588989037,1
-4.957954444174804,3,-1,-15.873863332524412,1
7.858174375292762,2,5,20.716348750585524,1
-6.078837708500064,4,1,-23.315350834000256,1
3.0910689416833534,4,5,17.364275766733414,1
-1.16047923369816,2,-5,-7.32095846739632,1
-7.574297222038346,4,4,-26.297188888153386,1
-2.230652283736778,5,2,-9.15326141868389,1
-3.9346798171198305,4,-5,-20.738719268479322,1
3.1765174078325575,5,2,17.882587039162786,1
-0.6988042112744957,5,5,1.5059789436275217,1
4.892076908705453,2,-1,8.784153817410907,1
1.454976537512378,5,4,11.27488268756189,1
-0.49121681808401263,2,4,3.0175663638319747,1
-4.491475415570701,3,0,-13.474426246712103,1
-7.247850144783192,1,-2,-9.247850144783193,1
4.177505440707822,1,5,9.177505440707822,1
-6.967740175275596,5,-4,-38.83870087637798,1
7.036528527888905,1,-4,3.0365285278889047,1
9.991496147119761,2,5,24.982992294239523,1
9.331196372712732,2,5,23.662392745425464,1
-9.752105034547698,2,-3,-22.504210069095397,1
2.7453842670262745,4,-1,9.981537068105098,1
8.51458008103381,1,-1,7.5145800810338095,1
8.261529975912048,1,4,12.261529975912048,1
6.33992692150613,2,5,17.67985384301226,1
-4.4409908746152515,2,3,-5.881981749230503,1
5.08282039544801,5,2,27.41410197724005,1
-1.7636265805876405,2,5,1.472746838824719,1
-8.35899253402397,4,1,-32.43597013609588,1
-0.07801273043059354,5,1,0.6099363478470323,1
-9.88891265392985,2,0,-19.7778253078597,1
-1.9973162339196087,3,2,-3.991948701758826,1
9.33815396441976,4,-3,34.35261585767904,1
-4.578959085643374,5,4,-18.894795428216874,1
-2.341887936811453,2,4,-0.6837758736229063,1
6.159986552138015,2,-2,10.31997310427603,1
5.615109097497664,5,2,30.07554548748832,1
3.4035097615237326,2,-4,2.8070195230474653,1
8.76275118395251,4,2,37.05100473581004,1
-2.2453328499913887,4,-1,-9.981331399965555,1
-9.798809405162343,1,-1,-10.798809405162343,1
-5.18685937602344,4,-5,-25.74743750409376,1
-5.631694769715219,2,4,-7.263389539430438,1
3.2352996698063468,5,0,16.176498349031732,1
0.9635269335371284,5,0,4.817634667685642,1
0.6801246984565186,3,-5,-2.9596259046304443,1
7.6326170214941556,5,-2,36.16308510747078,1
-3.657266526284417,5,3,-15.286332631422084,1
-4.173595487921604,3,1,-11.520786463764813,1
-1.405275759614149,3,-1,-5.215827278842447,1
3.818006989371675,5,3,22.090034946858374,1
-0.6991393869069658,3,-1,-3.0974181607208973,1
-2.5120324403613807,4,-5,-15.048129761445523,1
1.971181133289674,4,5,12.884724533158696,1
-8.985925761104891,1,4,-4.985925761104891,1
-5.111168417778251,3,4,-11.333505253334753,1
1.4813162774018611,4,-3,2.9252651096074445,1
-3.3399981665536194,2,5,-1.6799963331072387,1
-1.7885213049759194,2,-3,-6.577042609951839,1
-1.7885973026885225,2,-2,-5.577194605377045,1
-0.1850904212293525,1,5,4.8149095787706475,1
-1.439435146494164,3,4,-0.3183054394824918,1
-5.25738304246606,2,-4,-14.51476608493212,1
-2.6961017520782633,3,-4,-12.08830525623479,1
-0.6336897324483388,5,-4,-7.168448662241694,1
-2.8589418023537183,1,-3,-5.858941802353718,1
-3.5879241576923633,2,5,-2.1758483153847266,1
-0.30564776720305,1,0,-0.30564776720305,1
3.844240973242826,4,5,20.376963892971304,1
-5.99407565918024,1,-4,-9.99407565918024,1
-2.3897436179481364,5,-1,-12.948718089740682,1
8.38935234688197,5,3,44.946761734409854,1
-3.682387853864004,5,-1,-19.41193926932002,1
-1.202681447588036,5,-4,-10.01340723794018,1
-2.013470001730335,5,-1,-11.067350008651674,1
5.407703733385274,4,5,26.630814933541096,1
1.2521726047615438,5,0,6.260863023807719,1
3.2066051381977108,1,-2,1.2066051381977108,1
5.074496131823842,5,5,30.372480659119212,1
-9.263711476036303,2,-1,-19.527422952072605,1
-9.40719822607707,5,3,-44.03599113038535,1
2.8063331673437197,5,-2,12.031665836718599,1
7.640128597523464,3,0,22.920385792570393,1
8.814763313951598,3,2,28.444289941854795,1
-5.22571171773982,2,-1,-11.45142343547964,1
8.895671889503287,1,3,11.895671889503287,1
5.0465166956433976,2,5,15.093033391286795,1
-8.739943413365319,5,-5,-48.699717066826594,1
2.4904663144671186,3,1,8.471398943401356,1
-1.0953632919787957,3,0,-3.286089875936387,1
9.577870062904015,1,-4,5.577870062904015,1
-7.080108278416006,3,3,-18.240324835248018,1
2.9931116517546226,4,5,16.97244660701849,1
-5.389386037054376,2,3,-7.778772074108751,1
-2.080390417340219,4,2,-6.321561669360875,1
-5.780474682273827,4,-2,-25.121898729095307,1
-4.74931447397174,4,-3,-21.99725789588696,1
8.836025575597375,2,-2,15.67205115119475,1
1.8212109529454281,4,-2,5.2848438117817125,1
-8.881450530765434,3,1,-25.644351592296303,1
9.721025812155336,5,4,52.605129060776676,1
5.641934365030734,2,-4,7.283868730061467,1
-1.0417466320547,1,4,2.9582533679453,1
2.5543928794196287,3,2,9.663178638258886,1
8.17182409142529,3,3,27.51547227427587,1
1.035908064799532,3,2,5.107724194398596,1
2.331755247525235,5,-4,7.658776237626176,1
0.15841379919439014,4,-3,-2.3663448032224395,1
-3.7643818143749,2,-2,-9.5287636287498,1
-9.171113723855402,4,-5,-41.68445489542161,1
-1.5144431414181057,4,-4,-10.057772565672423,1
-2.7857559577284814,1,-2,-4.785755957728481,1
-2.587705716028996,2,2,-3.1754114320579916,1
5.3660379700484775,2,-5,5.732075940096955,1
-5.500403551550235,3,4,-12.501210654650706,1
6.373550010922539,2,-2,10.747100021845078,1
1.783781419373673,5,1,9.918907096868365,1
2.3824099539404457,2,0,4.7648199078808915,1
-3.0408520722730303,1,2,-1.0408520722730303,1
-5.960471531337266,5,-4,-33.802357656686326,1
5.866395043923232,1,-4,1.866395043923232,1
8.63647316331469,3,-4,21.90941948994407,1
8.10569397413769,1,5,13.10569397413769,1
8.384382185936087,5,3,44.921910929680436,1
-8.103772684627408,2,-5,-21.207545369254817,1
2.126469805512844,4,-3,5.505879222051377,1
2.517178248247218,3,-3,4.551534744741653,1
4.57648361630288,4,-5,13.305934465211521,1
-2.905571580836064,1,5,2.094428419163936,1
1.973276085950772,1,5,6.973276085950772,1
-8.082732357735251,4,-1,-33.330929430941005,1
-9.247006711822358,3,-2,-29.741020135467075,1
9.845668453653616,5,5,54.22834226826808,1
-6.675459834278483,3,-4,-24.026379502835447,1
2.607209071129102,4,-2,8.428836284516407,1
6.01827171140523,5,2,32.091358557026155,1
2.6870658853463283,5,4,17.43532942673164,1
-6.839689901904508,1,4,-2.8396899019045083,1
-3.0710951609538206,5,-5,-20.355475804769103,1
-1.9749887049062504,5,5,-4.874943524531252,1
8.994983896200402,3,-3,23.984951688601207,1
-7.988975020925862,2,0,-15.977950041851724,1
8.654884599863472,4,1,35.61953839945389,1
1.638464228577675,2,2,5.27692845715535,1
2.033181834639791,1,5,7.033181834639791,1
9.312938327351421,3,-4,23.938814982054264,1
-8.060883808726128,5,-3,-43.304419043630645,1
-9.376338078625746,2,-4,-22.752676157251493,1
3.401225294878474,2,4,10.802450589756948,1
-8.6573782315349,5,1,-42.286891157674496,1
9.715668053382625,3,0,29.147004160147876,1
-5.44902974513835,3,-3,-19.347089235415048,1
6.085542190901329,5,-3,27.427710954506644,1
-3.0266613869632657,2,2,-4.053322773926531,1
-1.869486472884475,1,-4,-5.869486472884475,1
-0.49586951428600656,3,-2,-3.4876085428580197,1
3.252994796824593,5,-5,11.264973984122967,1
9.374143170241716,4,2,39.496572680966864,1
7.139601385053048,3,0,21.418804155159144,1
4.045133620765215,5,-3,17.225668103826074,1
1.798330896756159,3,-3,2.3949926902684773,1
7.410844237123218,4,3,32.64337694849287,1
-4.6760332405549265,5,5,-18.38016620277463,1
9.937709542045148,4,2,41.75083816818059,1
-2.6479833738832443,5,3,-10.239916869416222,1
-4.966856996540445,3,0,-14.900570989621334,1
2.167752067103237,1,-4,-1.8322479328967631,1
3.1882894502486714,4,5,17.753157800994686,1
-2.158242983316871,2,-2,-6.316485966633742,1
-5.147041718539878,1,2,-3.147041718539878,1
-8.581520765265669,4,-5,-39.326083061062675,1
6.330355904620568,3,-1,17.991067713861703,1
2.379892231680877,1,3,5.379892231680877,1
8.11960451574912,1,4,12.11960451574912,1
6.223813482208463,2,-5,7.447626964416926,1
-2.6691348116720537,3,5,-3.007404435016161,1
0.3167582863263263,5,-3,-1.4162085683683685,1
-4.915482759798566,4,-1,-20.661931039194265,1
-0.5808930981570519,1,5,4.419106901842948,1
-3.7254424903624184,3,-5,-16.176327471087255,1
-6.453319969270217,2,-5,-17.906639938540433,1
-4.72973035306069,3,-4,-18.189191059182072,1
-2.432805023009603,4,2,-7.731220092038413,1
7.540155971525625,2,-2,13.08031194305125,1
0.6808907734671159,3,3,5.042672320401348,1
3.94832606273971,4,3,18.79330425095884,1
9.187924145076806,1,0,9.187924145076806,1
-1.5641654029842726,3,-4,-8.692496208952818,1
-6.090330004680206,5,-3,-33.45165002340103,1
0.006159726029268953,4,1,1.0246389041170758,1
-1.3800331925784803,3,5,0.859900422264559,1
-4.307514847939824,3,-3,-15.922544543819473,1
-0.41836209755842724,4,-4,-5.673448390233709,1
-5.384566695552564,1,5,-0.3845666955525644,1
-1.4887035169110874,3,0,-4.466110550733262,1
9.462957702628053,4,5,42.85183081051221,1
3.7954331220409507,3,5,16.386299366122852,1
-1.0705272518569764,2,-3,-5.141054503713953,1
5.087508663594253,2,2,12.175017327188506,1
3.482531059128654,2,4,10.965062118257308,1
1.8288501162125002,4,-1,6.315400464850001,1
7.829495859284609,4,-2,29.317983437138437,1
-4.986321408334884,2,-2,-11.972642816669769,1
-4.067183840639828,4,3,-13.268735362559312,1
-9.465683509690447,2,-1,-19.931367019380893,1
-7.597543838534886,1,4,-3.597543838534886,1
-2.6459838937050773,5,-1,-14.229919468525386,1
-0.044401046883887574,4,5,4.82239581246445,1
-5.978070670173265,3,-5,-22.934212010519794,1
4.441457988743082,5,-4,18.20728994371541,1
5.299631777609186,3,3,18.898895332827557,1
-6.667258240246632,3,-3,-23.001774720739895,1
-8.52012308315568,1,-5,-13.52012308315568,1
8.967721325127968,2,-4,13.935442650255936,1
7.157810514903115,1,-4,3.1578105149031153,1
-3.200490272107615,1,1,-2.200490272107615,1
-3.4214471131416335,2,-1,-7.842894226283267,1
5.374245788699842,5,-4,22.871228943499208,1
-6.37893456967221,4,-4,-29.51573827868884,1
1.7568966903481673,5,-4,4.784483451740837,1
7.514122172378652,1,-1,6.514122172378652,1
-5.049613900116414,4,-1,-21.198455600465657,1
7.474822018537701,2,-4,10.949644037075402,1
-0.9825847949816584,4,4,0.06966082007336638,1
3.9113232289732665,3,-2,9.7339696869198,1
4.955575106242785,4,-4,15.82230042497114,1
-2.3623807735856506,1,0,-2.3623807735856506,1
4.788115676393538,2,4,13.576231352787076,1
7.132093030561077,1,2,9.132093030561077,1
-3.147610336639719,2,1,-5.295220673279438,1
9.083297196762153,4,4,40.33318878704861,1
-0.3937034620288298,4,2,0.4251861518846809,1
4.593020680722331,2,-1,8.186041361444662,1
5.486066883978772,1,-1,4.486066883978772,1
1.016318543607472,1,2,3.016318543607472,1
5.862888873384769,2,3,14.725777746769538,1
-6.694684994654572,2,1,-12.389369989309143,1
-1.7232058633220753,3,-2,-7.169617589966226,1
8.490618530092547,1,3,11.490618530092547,1
-3.327393102528802,2,2,-4.654786205057604,1
0.6575408839824632,4,4,6.630163535929853,1
-9.210273063182166,1,-2,-11.210273063182166,1
-5.50222178231995,3,1,-15.50666534695985,1
-3.6143799042767473,1,-2,-5.614379904276747,1
-0.06515647952417147,4,-5,-5.260625918096686,1
-3.6187647174170934,2,-5,-12.237529434834187,1
1.1165467423460225,1,3,4.1165467423460225,1
5.2609962902255365,5,3,29.30498145112768,1
2.966464138034162,1,0,2.966464138034162,1
-7.0925661761024354,2,-1,-15.185132352204871,1
-8.383599425389878,2,2,-14.767198850779756,1
1.5374367632140373,2,-2,1.0748735264280747,1
-8.736383000834095,3,-2,-28.209149002502286,1
-8.932163095853644,2,4,-13.864326191707288,1
0.19340848527049026,1,0,0.19340848527049026,1
0.7217197072756925,3,-4,-1.8348408781729226,1
6.0616726324670225,1,-4,2.0616726324670225,1
-5.9707829123754745,2,4,-7.941565824750949,1
1.7519881683995582,2,0,3.5039763367991164,1
-6.688298395633185,2,2,-11.37659679126637,1
9.489576118320926,2,-4,14.979152236641852,1
-5.881105614161893,3,-2,-19.643316842485678,1
-5.903050658700774,5,-1,-30.51525329350387,1
-0.7310689849625867,1,-3,-3.7310689849625867,1
3.4432108166968494,1,5,8.44321081669685,1
-8.841359104853243,5,-2,-46.20679552426621,1
-2.750279447400022,5,2,-11.75139723700011,1
5.630576972550523,5,-4,24.152884862752614,1
5.735500211906228,4,-1,21.94200084762491,1
8.594319053755392,3,-3,22.782957161266175,1
-0.7118083812182547,2,-1,-2.4236167624365095,1
9.172341316164406,1,3,12.172341316164406,1
-7.852737576154927,3,-3,-26.55821272846478,1
3.625632678106852,2,-1,6.251265356213704,1
3.1006899798163303,2,1,7.201379959632661,1
-1.4179172965240987,2,4,1.1641654069518026,1
-9.136007690859664,4,-1,-37.544030763438656,1
-7.22307389705144,5,2,-34.1153694852572,1
6.363199453742666,4,4,29.452797814970666,1
-2.5654762413078203,3,3,-4.696428723923461,1
-2.729484536412503,4,1,-9.917938145650012,1
-4.0122086040216365,3,0,-12.036625812064909,1
-5.996502421588874,2,0,-11.993004843177747,1
7.361152200090235,5,1,37.80576100045117,1
9.480452307708003,2,3,21.960904615416005,1
4.37610865644208,1,-5,-0.6238913435579203,1
0.6137880095235033,2,-5,-3.7724239809529934,1
-0.7712363902752521,5,1,-2.8561819513762607,1
5.738934950881884,1,3,8.738934950881884,1
5.697679329189256,4,-4,18.790717316757025,1
6.542378387366238,4,-1,25.169513549464952,1
-2.8576405188935228,4,4,-7.430562075574091,1
4.738292338548639,1,-3,1.7382923385486393,1
7.47288135048661,3,-5,17.41864405145983,1
-4.259151764456684,4,1,-16.036607057826735,1
1.9556623937178212,1,2,3.9556623937178212,1
-2.2882132132773725,5,-3,-14.441066066386863,1
8.560674805189766,2,2,19.121349610379532,1
4.515880321542603,5,-4,18.579401607713017,1
3.4154451933001297,2,-1,5.8308903866002595,1
-1.839089684408048,1,2,0.160910315591952,1
0.1898993408913654,5,-1,-0.05050329554317301,1
-2.0974078424983027,2,-1,-5.194815684996605,1
-7.207740647900471,1,-1,-8.207740647900472,1
-1.7875044750498752,3,2,-3.3625134251496256,1
6.444364971438837,1,-5,1.4443649714388371,1
8.49930590359292,1,-5,3.4993059035929193,1
-0.09685103247269211,2,2,1.8062979350546158,1
7.493027501629648,5,4,41.46513750814824,1
-6.429271591160306,5,3,-29.146357955801534,1
1.4270509716957491,3,0,4.281152915087247,1
8.089999379005025,3,1,25.269998137015076,1
1.3835455744260194,4,-1,4.534182297704078,1
7.250927693911329,3,5,26.752783081733988,1
1.9482583428494475,2,-5,-1.103483314301105,1
-2.4927459814763164,5,-2,-14.463729907381582,1
-7.217601693770517,3,-3,-24.65280508131155,1
3.824146690550787,1,-3,0.824146690550787,1
4.138152128936461,2,2,10.276304257872923,1
-1.7464330641146297,4,-2,-8.985732256458519,1
-2.6071053968000317,4,-2,-12.428421587200127,1
-2.2963323989953244,2,-5,-9.592664797990649,1
-2.3870024492450304,2,2,-2.7740048984900607,1
-6.892438634497715,2,-5,-18.78487726899543,1
-2.4501583686673616,4,-3,-12.800633474669446,1
-6.678530103045013,3,2,-18.03559030913504,1
3.3452415263752595,2,-5,1.690483052750519,1
1.8397395364722424,5,4,13.198697682361212,1
-2.693948593980937,4,0,-10.775794375923748,1
7.6423955536878125,1,-3,4.6423955536878125,1
4.2155130433373245,1,2,6.2155130433373245,1
-0.6470058761812716,1,-3,-3.6470058761812716,1
-1.9984220426154629,2,-2,-5.996844085230926,1
3.7478219649994653,2,3,10.49564392999893,1
1.2415029294911797,1,5,6.24150292949118,1
7.779495989963095,5,-4,34.89747994981548,1
-8.17814454742074,1,-5,-13.17814454742074,1
-0.21479986318501432,2,-3,-3.4295997263700286,1
-2.0374369524820786,5,4,-6.187184762410393,1
2.1327365228938007,3,1,7.398209568681402,1
-9.23227315744722,3,-1,-28.696819472341662,1
-5.702938261292689,1,5,-0.7029382612926893,1
-0.2610305820962804,5,-4,-5.305152910481402,1
-7.143474907633158,1,4,-3.1434749076331583,1
-9.354167430078327,4,-1,-38.41666972031331,1
5.336057198687204,4,1,22.344228794748815,1
3.5143394271018913,2,-3,4.028678854203783,1
-3.4562092446205543,1,4,0.5437907553794457,1
-5.150167031844861,4,-2,-22.600668127379443,1
-7.992320967896971,1,4,-3.992320967896971,1
-2.2103698867104127,4,-3,-11.84147954684165,1
-4.799801184727066,1,-5,-9.799801184727066,1
-1.1514839720036143,5,3,-2.7574198600180715,1
8.682973165421771,4,-3,31.731892661687084,1
-7.780884372762566,3,0,-23.3426531182877,1
-7.460206934800981,2,5,-9.920413869601962,1
7.129621623757799,2,2,16.2592432475156,1
5.278417700421919,1,-3,2.278417700421919,1
-6.893723569485535,1,2,-4.893723569485535,1
0.1542104377910647,5,4,4.7710521889553235,1
0.7711635214982255,2,-5,-3.457672957003549,1
2.873888017389943,5,4,18.369440086949716,1
-3.800394794217876,4,-5,-20.201579176871505,1
3.18324400267937,1,4,7.18324400267937,1
3.207894914668106,5,-4,12.03947457334053,1
-3.711131970091886,5,3,-15.555659850459428,1
-2.336704058988812,3,3,-4.0101121769664365,1
-4.068902914699275,3,4,-8.206708744097824,1
-7.216292702009188,1,-3,-10.216292702009188,1
8.162454708405843,5,-5,35.81227354202922,1
-1.9995191783184367,4,5,-2.998076713273747,1
7.643568562069582,5,-2,36.21784281034791,1
-5.513257519170153,5,5,-22.566287595850767,1
-5.052136618219134,4,0,-20.208546472876534,1
-9.439457239612494,4,5,-32.75782895844998,1
5.602381214087135,1,0,5.602381214087135,1
6.11092389566873,3,2,20.33277168700619,1
-9.108083745603505,2,1,-17.21616749120701,1
-4.146209111771581,4,4,-12.584836447086325,1
-8.041530180605953,2,-4,-20.083060361211906,1
0.6321372009741193,5,-2,1.1606860048705965,1
-3.7240932404629774,5,-3,-21.620466202314887,1
-4.822717752431163,1,5,0.17728224756883737,1
4.4177920434222795,5,3,25.0889602171114,1
2.3292142835651184,2,5,9.658428567130237,1
6.115108753326879,4,-4,20.460435013307517,1
4.640606952928877,3,-2,11.921820858786631,1
-8.177348782096088,5,2,-38.88674391048044,1
-7.563043612432267,4,4,-26.25217444972907,1
-2.536176082006434,5,2,-10.68088041003217,1
1.9472427323040975,5,-4,5.7362136615204875,1
-2.507452695795349,4,5,-5.0298107831813965,1
2.9666042486856075,1,1,3.9666042486856075,1
4.809972647630069,1,-5,-0.19002735236993118,1
-6.278781421886739,1,4,-2.2787814218867393,1
-4.581982336075283,3,-1,-14.74594700822585,1
8.11356421707486,1,2,10.11356421707486,1
8.497927735890329,2,3,19.995855471780658,1
3.2068292853454476,2,5,11.413658570690895,1
8.22133364345493,3,-5,19.66400093036479,1
9.607189285174151,5,-3,45.035946425870755,1
-6.2215909891460335,4,3,-21.886363956584134,1
8.794578485231451,5,0,43.97289242615726,1
9.82616726032234,5,0,49.130836301611694,1
-4.6108455803607695,3,0,-13.832536741082308,1
9.500226884826418,3,-1,27.500680654479254,1
-6.032259290000923,1,-2,-8.032259290000923,1
-6.586786482122051,1,-2,-8.58678648212205,1
-4.16848773687903,4,-1,-17.67395094751612,1
1.7727959100862005,5,-3,5.863979550431003,1
-2.8602645142489003,2,-2,-7.7205290284978005,1
5.652659232518712,1,-3,2.6526592325187117,1
7.016761987984545,5,-4,31.083809939922723,1
1.0990042917238014,1,3,4.099004291723801,1
-6.893362096354871,1,-4,-10.89336209635487,1
-9.001156864389841,4,2,-34.004627457559366,1
6.708186437187415,1,5,11.708186437187415,1
-3.188860765179175,1,4,0.8111392348208248,1
-8.389409703030633,3,5,-20.1682291090919,1
2.105234527450923,3,4,10.31570358235277,1
-1.1724472043521512,1,3,1.8275527956478488,1
-0.0002803547064207379,1,-3,-3.0002803547064207,1
-2.443583065144594,2,5,0.112833869710812,1
2.2433112157649955,2,-3,1.486622431529991,1
4.996725833076692,1,-2,2.9967258330766917,1
9.278757233868046,4,3,40.11502893547218,1
4.19845851751832,3,-5,7.595375552554961,1
-5.102499983948984,1,0,-5.102499983948984,1
7.046547403978355,2,4,18.09309480795671,1
-1.328013989670346,2,5,2.343972020659308,1
9.301719296198158,5,3,49.50859648099079,1
3.0748072040739487,3,2,11.224421612221846,1
-6.298062545458114,5,4,-27.490312727290572,1
-0.2449905191476276,5,4,2.775047404261862,1
1.7129153670590647,4,-2,4.851661468236259,1
-1.3118276935843536,1,-4,-5.311827693584354,1
9.656111315439698,1,1,10.656111315439698,1
8.802774833759582,5,3,47.01387416879791,1
4.05158831123893,3,-2,10.154764933716791,1
-7.561916931467449,4,4,-26.247667725869796,1
5.084687800880737,5,-1,24.423439004403683,1
-7.292008567881638,2,-3,-17.584017135763276,1
-6.364567345601979,4,-5,-30.458269382407916,1
3.9334054560319416,3,-4,7.800216368095825,1
-0.4636832275091418,2,-1,-1.9273664550182836,1
6.065240671076463,1,-1,5.065240671076463,1
-4.91853700400827,1,-4,-8.91853700400827,1
-6.1373139311886105,3,-3,-21.41194179356583,1
-0.01798723388871437,2,-1,-1.0359744677774287,1
-5.119434270255492,3,2,-13.358302810766475,1
-5.885543662484711,3,-3,-20.656630987454133,1
8.799259144028472,5,1,44.996295720142356,1
7.134186789884069,1,-3,4.134186789884069,1
-8.802786666355516,1,2,-6.802786666355516,1
6.1884777130533735,1,3,9.188477713053373,1
4.082310193864888,1,-1,3.0823101938648882,1
1.5251930333783612,2,5,8.050386066756722,1
0.16329576864618822,2,2,2.3265915372923764,1
-5.272729337999085,4,-1,-22.09091735199634,1
6.825148348923239,4,-5,22.300593395692957,1
0.7241031944247425,1,-3,-2.2758968055752575,1
6.502355958825955,3,5,24.507067876477866,1
-0.8298922084394516,4,1,-2.319568833757806,1
-4.396720995063365,5,-2,-23.983604975316826,1
-5.63410113134265,5,-4,-32.170505656713246,1
4.964686600321681,3,2,16.894059800965042,1
-3.357534276078569,1,-5,-8.35753427607857,1
4.019158522890988,3,1,13.057475568672965,1
5.526735184946002,2,5,16.053470369892004,1
8.676238784004177,2,-5,12.352477568008354,1
-0.18139876378025477,3,-5,-5.544196291340764,1
-0.13704273836687975,5,-4,-4.685213691834399,1
-8.792868182703774,5,-1,-44.96434091351887,1
-4.189405155924984,5,0,-20.94702577962492,1
9.898961113737048,3,5,34.69688334121115,1
-8.599149864264282,3,-1,-26.797449592792844,1
7.387185257132444,2,3,17.774370514264888,1
-9.369873167931544,1,-3,-12.369873167931544,1
2.1265057321968595,1,2,4.1265057321968595,1
-4.105061841840001,4,-4,-20.420247367360005,1
5.597647211795579,1,-3,2.5976472117955787,1
-7.855667413486749,3,3,-20.567002240460248,1
-2.1448320651444552,4,-2,-10.579328260577821,1
-2.197051768021023,4,3,-5.7882070720840915,1
-4.1396186653819145,2,-1,-9.279237330763829,1
-1.7437787219852225,3,5,-0.23133616595566764,1
4.8018239050889555,2,3,12.603647810177911,1
-7.122709229128614,2,-4,-18.245418458257227,1
-1.0940690779406541,2,-2,-4.188138155881308,1
-7.193909433488097,2,-4,-18.387818866976193,1
8.59683215648478,2,5,22.19366431296956,1
-1.328588924226139,5,-5,-11.642944621130695,1
4.223786099241648,5,5,26.118930496208243,1
9.928228084140876,5,5,54.64114042070438,1
4.257423959961349,5,1,22.287119799806746,1
9.484318001412525,3,-2,26.452954004237576,1
4.137952921501904,2,-3,5.275905843003809,1
-9.632488914585299,2,1,-18.264977829170597,1
-8.109962916483502,1,1,-7.109962916483502,1
9.34179150471665,2,4,22.6835830094333,1
-7.301958007125798,3,4,-17.905874021377393,1
-3.572527714270426,2,-2,-9.145055428540852,1
-7.787330118746674,2,2,-13.574660237493347,1
-0.5037223475900952,4,-2,-4.014889390360381,1
-0.8734649782012287,4,-4,-7.493859912804915,1
-2.184544849443255,1,0,-2.184544849443255,1
-0.42699837486945924,3,3,1.7190048753916223,1
-0.6106750812565309,5,0,-3.0533754062826546,1
-4.6871111166023205,5,4,-19.435555583011602,1
-9.777513359753865,3,2,-27.332540079261594,1
-2.313142920811357,5,-4,-15.565714604056785,1
-7.044819148972936,3,5,-16.13445744691881,1
1.9175391997805633,3,5,10.75261759934169,1
-3.831181376365649,5,4,-15.155906881828244,1
5.669359493050237,1,-3,2.669359493050237,1
-8.874203588927038,4,-5,-40.49681435570815,1
-2.8541469432570254,1,5,2.1458530567429746,1
3.724900056174228,1,-5,-1.2750999438257722,1
-2.1215170922627298,5,2,-8.607585461313649,1
-1.7801629776669525,4,0,-7.12065191066781,1
0.04353154384721769,3,0,0.13059463154165307,1
4.7640319835371425,2,4,13.528063967074285,1
4.54701893531562,5,-4,18.7350946765781,1
-6.664776928006562,1,3,-3.664776928006562,1
3.7932458249948215,3,5,16.379737474984466,1
4.313047958416822,4,1,18.25219183366729,1
-0.41042514640175654,4,3,1.3582994143929739,1
9.879981320513902,2,3,22.759962641027805,1
1.4801983044184226,5,1,8.400991522092113,1
-4.4058548184849355,2,-1,-9.811709636969871,1
-1.449471272265237,5,4,-3.247356361326185,1
-5.04475545558523,3,-3,-18.13426636675569,1
1.744497277559363,2,0,3.488994555118726,1
-1.3898571582820054,4,-2,-7.559428633128022,1
-8.839215465612476,5,-3,-47.19607732806238,1
-0.43572553581823037,4,-5,-6.7429021432729215,1
-9.61044522507047,4,-4,-42.44178090028188,1
-5.013696421561802,4,-2,-22.054785686247207,1
0.8766794357253644,5,3,7.383397178626822,1
-3.2648891368348814,5,-2,-18.324445684174407,1
-2.9421148282696734,2,-1,-6.884229656539347,1
-4.503330326573809,3,-3,-16.509990979721426,1
-7.302863923453675,4,-3,-32.2114556938147,1
-2.933823867899113,2,-2,-7.867647735798226,1
8.35512918512541,3,3,28.06538755537623,1
4.26476937397096,2,4,12.52953874794192,1
4.879518342687808,5,-1,23.39759171343904,1
8.585193840694522,3,3,28.755581522083567,1
-9.839426451803135,1,-4,-13.839426451803135,1
-4.471264747910988,2,1,-7.942529495821976,1
0.8635529202770886,5,-1,3.317764601385443,1
4.694323820530698,3,1,15.082971461592095,1
-1.4337017447153748,4,-3,-8.7348069788615,1
-4.980622163895658,2,-3,-12.961244327791317,1
-2.159196707749633,3,-2,-8.477590123248898,1
4.218927159031994,1,-3,1.2189271590319937,1
-0.06899442814431289,2,1,0.8620111437113742,1
-0.21830633004444522,2,-1,-1.4366126600888904,1
-6.2480831643448305,4,3,-21.992332657379322,1
-0.6546017704878615,2,-2,-3.309203540975723,1
-1.5598371136662,1,-1,-2.5598371136662,1
-3.5842198543548616,4,-3,-17.336879417419446,1
-7.932987878126356,4,4,-27.731951512505425,1
-2.480289766240613,3,-1,-8.44086929872184,1
-0.30430494549753284,1,4,3.695695054502467,1
-3.5305613331304597,3,-1,-11.591683999391378,1
9.335467028634021,4,-1,36.341868114536084,1
-7.88910172933686,1,-3,-10.889101729336861,1
-2.1783255098009064,3,-5,-11.53497652940272,1
6.829092005733521,5,5,39.14546002866761,1
1.7861330639449964,5,1,9.930665319724982,1
2.9161094960305363,4,5,16.664437984122145,1
4.10756352458025,2,0,8.2151270491605,1
-4.164850046973467,3,-4,-16.494550140920403,1
0.2575835106519957,5,-1,0.2879175532599785,1
-6.466635925078263,5,-5,-37.33317962539132,1
-0.05727164353933034,2,-1,-1.1145432870786607,1
1.2037415461156016,4,-4,0.8149661844624063,1
-9.209453442291027,5,-3,-49.047267211455136,1
-7.667765469224661,3,-2,-25.003296407673982,1
-3.0918499009339655,4,-2,-14.367399603735862,1
-0.9325519601505778,1,-2,-2.932551960150578,1
1.946933919212281,4,-5,2.787735676849124,1
0.4713982675770829,4,-1,0.8855930703083317,1
-0.442227194850048,1,0,-0.442227194850048,1
-8.429923646022777,2,1,-15.859847292045554,1
2.5961317036100784,5,3,15.980658518050392,1
5.481539798195186,5,-5,22.40769899097593,1
4.343522684897323,4,-1,16.374090739589292,1
-6.703678989926907,3,-5,-25.11103696978072,1
-7.64462661303347,4,2,-28.57850645213388,1
-9.063012135447702,4,0,-36.252048541790806,1
-1.5595580459196619,5,0,-7.797790229598309,1
-0.6008192033627395,5,3,-0.004096016813697645,1
7.8350689630908725,4,3,34.34027585236349,1
-2.9196044763974154,5,-2,-16.59802238198708,1
3.2876290070482472,3,3,12.862887021144742,1
7.570313246424373,5,-1,36.85156623212187,1
1.3847159764288257,1,-1,0.3847159764288257,1
6.833140549038255,3,1,21.499421647114765,1
7.9448708794745,1,0,7.9448708794745,1
-3.5148960985806443,2,-1,-8.029792197161289,1
9.637066852103288,5,3,51.18533426051644,1
6.237105477208647,2,2,14.474210954417295,1
-7.279076198233792,2,-3,-17.558152396467584,1
5.234930879972914,4,0,20.939723519891658,1
7.151667124831235,5,-4,31.758335624156175,1
-7.237777239549239,5,-2,-38.18888619774619,1
1.7657176051734957,4,3,10.062870420693983,1
-2.9951251510808934,3,-5,-13.98537545324268,1
-4.713051849146266,1,3,-1.7130518491462663,1
5.28368791888713,5,0,26.418439594435654,1
9.513271347406608,1,3,12.513271347406608,1
6.1418473010222705,4,-1,23.567389204089082,1
0.3577299100502209,4,5,6.430919640200884,1
-1.7075876539771144,4,-1,-7.830350615908458,1
2.776848629747672,1,0,2.776848629747672,1
4.345138128437247,5,3,24.725690642186237,1
-0.5131915284570514,1,0,-0.5131915284570514,1
-0.8067316035779903,5,-5,-9.033658017889952,1
9.635366516497019,4,1,39.541466065988075,1
-7.586377633720569,2,5,-10.172755267441138,1
4.609884488314416,2,1,10.219768976628831,1
-3.170413718138077,2,-1,-7.340827436276154,1
9.280313902208789,2,3,21.560627804417578,1
-4.541217289164672,1,-3,-7.541217289164672,1
-6.291521043342239,4,2,-23.166084173368954,1
-1.2993024817188026,4,-2,-7.19720992687521,1
1.3248089981574154,1,4,5.324808998157415,1
5.237442938405486,5,0,26.187214692027432,1
-5.0063411693643145,3,2,-13.019023508092943,1
5.230637192589516,2,0,10.461274385179031,1
8.805999283891865,1,-4,4.805999283891865,1
-5.436417185857339,4,-2,-23.745668743429356,1
-9.247651991380472,3,2,-25.742955974141417,1
5.877814809266351,2,-2,9.755629618532701,1
1.021431102362122,2,5,7.042862204724244,1
1.7423801387434157,1,-1,0.7423801387434157,1
-5.779271600937523,3,4,-13.33781480281257,1
-8.508926297583253,2,-3,-20.017852595166506,1
-8.797357130354444,3,-3,-29.392071391063332,1
4.489584751781781,3,3,16.468754255345342,1
8.627586746848248,4,-2,32.51034698739299,1
3.839297339670445,2,-4,3.6785946793408897,1
-3.116770828510642,2,-1,-7.233541657021284,1
3.569224880935426,4,-4,10.276899523741704,1
0.8475878270250483,2,2,3.6951756540500966,1
1.367669427552503,2,-2,0.735338855105006,1
-7.260631262786237,1,-3,-10.260631262786237,1
0.6140668204225168,2,-4,-2.7718663591549664,1
-6.014517494329512,4,-5,-29.05806997731805,1
8.608854411918124,1,2,10.608854411918124,1
-1.2949589905238952,5,5,-1.474794952619476,1
6.672345699272089,3,-4,16.017037097816267,1
-2.309794648049057,2,-5,-9.619589296098114,1
-7.563856099171431,2,1,-14.127712198342863,1
4.67328083697533,2,-3,6.34656167395066,1
9.831698808804575,2,0,19.66339761760915,1
-9.241586227555494,1,3,-6.241586227555494,1
-9.45944860939974,3,1,-27.37834582819922,1
3.1168422206377784,4,-4,8.467368882551114,1
2.1478037784284574,3,0,6.443411335285372,1
3.0254831376953373,3,0,9.076449413086012,1
4.945640882325797,4,-3,16.78256352930319,1
9.217258211859843,1,1,10.217258211859843,1
3.8910735038333133,1,2,5.891073503833313,1
-7.787201269249342,1,-1,-8.787201269249342,1
-9.673584371464873,3,0,-29.02075311439462,1
-2.736162443141758,3,3,-5.2084873294252745,1
-2.180913683541446,4,3,-5.723654734165784,1
7.359695119285767,2,-5,9.719390238571535,1
-1.2272202171690587,2,-3,-5.454440434338117,1
6.584527630015707,4,0,26.338110520062827,1
-1.4849423436526354,1,-2,-3.4849423436526354,1
8.799365117756466,3,0,26.398095353269397,1
6.16632283977723,4,-2,22.66529135910892,1
8.568907545872577,5,-5,37.844537729362884,1
-3.1983426438575897,1,-4,-7.19834264385759,1
-7.091059622625011,2,-1,-15.182119245250021,1
-3.0839389123423366,4,1,-11.335755649369347,1
-4.394460904372897,1,-1,-5.394460904372897,1
-7.80797588782568,4,3,-28.23190355130272,1
-0.7895063682121091,3,-2,-4.368519104636327,1
-8.560794476060973,3,1,-24.68238342818292,1
-0.5636289862258508,4,-4,-6.254515944903403,1
-3.588409206772429,2,4,-3.176818413544858,1
-0.6372751332901103,2,-1,-2.2745502665802206,1
