angle,sin,cos,valid,success
77.97282271785966,0.978048871312393,0.2083756351509313,1,1
10.171665785209449,0.17659800901918007,0.9842830605117928,1,1
33.211782232231734,0.5477352830777023,0.8366516955530475,1,1
266.009522146136,-0.997575629507212,-0.0695906848169328,1,1
86.83497788342149,0.9984746559974222,0.05521196727910833,1,1
23.00661586565515,0.39083741532643584,0.9204597301245455,1,1
279.0584754139888,-0.9875281710174723,0.157442406761603,1,1
255.89293735500408,-0.9698419783687101,-0.2437345625754921,1,1
56.30347574509894,0.8319877792358732,0.554793957431189,1,1
220.03918956305498,-0.6433114236552567,-0.7656046056514072,1,1
329.9542726325335,-0.5006910096054676,0.8656260814579569,1,1
339.6608796052999,-0.347575942172955,0.937651835396584,1,1
174.7795790264995,0.09098752080300773,-0.9958520327127531,1,1
335.5480478785259,-0.41393000916160383,0.9103087100074757,1,1
284.44409063980913,-0.9683915008223251,0.2494351641911879,1,1
34.836003890920466,0.5712294540000921,0.8207904183668061,1,1
49.23400753294415,0.7573827557868824,0.6529711794839552,1,1
22.93808729488767,0.389736220919815,0.9209265324134934,1,1
144.1772420631353,0.5852797841373583,-0.8108314092831673,1,1
50.28996799020611,0.7692877003735462,0.6389025231238182,1,1
298.1251448946776,-0.881920072235422,0.47139896710564405,1,1
14.679658651128879,0.2534145258052495,0.9673577818526611,1,1
112.8418907166884,0.9215795805896775,-0.38818948548377,1,1
97.89238137501403,0.9905277304953564,-0.13731283668950514,1,1
106.2741066398457,0.9599320340886095,-0.2802329208542506,1,1
220.33603968300983,-0.647269378393822,-0.7622613408757362,1,1
316.3742729726449,-0.6899446428194814,0.7238621345565039,1,1
196.12734651898208,-0.2777731889018359,-0.9606466861064504,1,1
236.99309937664762,-0.8386049663011731,-0.5447400393720002,1,1
347.7604703174312,-0.2119990879238091,0.9772698638142245,1,1
226.22020520232212,-0.7220042656402225,-0.691888604037762,1,1
343.28551457400613,-0.2876026657922439,0.9577498142151711,1,1
156.4269279242884,0.3999183153411685,-0.9165507847657334,1,1
69.34971512951066,0.9357503861887656,0.3526630328622155,1,1
202.65275019882597,-0.3851451266828498,-0.9228560187767383,1,1
318.83088398529907,-0.6582837923232383,0.752769851126183,1,1
96.50873014293985,0.9935545953989294,-0.11335460273702841,1,1
23.808291208104485,0.4036776949158133,0.9149012616820766,1,1
141.97713934043273,0.6159758377000635,-0.7877650457907517,1,1
225.41016292233206,-0.7121505802096504,-0.7020267452932676,1,1
347.9957549146602,-0.207984161903329,0.9781321937230008,1,1
132.61766113056854,0.7358884086022144,-0.677102835679264,1,1
47.59499337859615,0.7383964158966335,0.6743669127344593,1,1
61.872190266021235,0.8818981464119513,0.4714399848922071,1,1
127.192007563546,0.7966142484234969,-0.6044879975720503,1,1
89.69172650520697,0.9999855257501958,0.005380361521718722,1,1
357.60082537173207,-0.04186126090660893,0.9991234332330059,1,1
51.740422870412836,0.785213436843565,0.6192252083049565,1,1
158.67755641335808,0.36361615954236554,-0.9315488653418353,1,1
108.1433396691016,0.9502804578805527,-0.31139532971823297,1,1
121.28522327058234,0.8545927870345357,-0.5192987274667105,1,1
143.93286027136497,0.5887328621776357,-0.8083276668481224,1,1
173.15155325521067,0.11924353303637879,-0.9928650360592833,1,1
57.03917525424269,0.8390427618321058,0.5440654775090515,1,1
261.4385588346915,-0.988856791224661,-0.14886989772572332,1,1
330.58824070163973,-0.4910825498679765,0.8711130404345733,1,1
273.8338466819785,-0.9977621438118361,0.06686332609142942,1,1
178.85438680840807,0.019993389896149585,-0.9998001122026645,1,1
224.83206185738106,-0.7050311647432312,-0.7091763227440709,1,1
333.27090079549373,-0.4497726633645272,0.8931430743671361,1,1
78.91035470060402,0.9813274412334932,0.19234462062174973,1,1
115.93644822341044,0.8992797292121538,-0.4373739459868583,1,1
231.30655012119985,-0.7805018807174195,-0.6251534325240253,1,1
163.83202774868994,0.27845426823185365,-0.9604494887829671,1,1
6.396894514071909,0.11141506887302763,0.9937739594233784,1,1
338.0872435129509,-0.3731943492983639,0.9277531878963127,1,1
269.00048746676293,-0.9998478436035334,-0.017443899832439613,1,1
30.55561761071598,0.5083745161201121,0.8611360817894241,1,1
277.88121174704327,-0.9905544803690132,0.1371197338856603,1,1
134.15106779801883,0.7175057446765066,-0.6965525869280881,1,1
77.66088664573113,0.9768999201403485,0.21369732340340794,1,1
270.4509151799385,-0.9999690320676284,0.007869873298241363,1,1
248.35110947984995,-0.9294620265479757,-0.3689177973550884,1,1
35.05449155618279,0.5743552371740035,0.8186061699808976,1,1
96.23724876949937,0.9940805420319133,-0.10864564396945467,1,1
137.21893840488477,0.6791987418997415,-0.7339544052608502,1,1
353.751616299929,-0.10883883272243518,0.9940594089347063,1,1
141.4102286770174,0.6237400665355626,-0.7816318375029333,1,1
69.30178899603776,0.9354550672268511,0.3534456354230555,1,1
83.2541645683217,0.9930769975878172,0.117465215540459,1,1
348.5569596884841,-0.19839365949058899,0.980122418820186,1,1
207.97390944545722,-0.46906944974078535,-0.8831612827337241,1,1
23.13831698709192,0.3929521664263752,0.9195589132300434,1,1
132.86310077288272,0.7329811399371268,-0.6802489606728335,1,1
298.36908934743434,-0.8799050406125762,0.4751495759280235,1,1
20.48515684623371,0.3499647134291014,0.9367628832071043,1,1
248.00669256409935,-0.927227605018315,-0.3744982890374795,1,1
313.5385443274049,-0.7249111332878372,0.6888423976755087,1,1
115.91033360232616,0.8994789847708178,-0.4369640213514826,1,1
51.75110402600823,0.7853288599874642,0.6190788170102334,1,1
229.3417065702329,-0.7586088087964713,-0.6515463722686198,1,1
253.85923630653903,-0.9605816125444636,-0.27799813963672143,1,1
124.15479904223739,0.827523747542317,-0.5614307145619303,1,1
152.79292120943919,0.45720780936386385,-0.8893598928761611,1,1
135.90391626600368,0.6958637097874885,-0.7181738629334781,1,1
263.48484510861067,-0.9935418783593094,-0.11346601229555589,1,1
249.06959899747264,-0.9340150585021414,-0.35723363572211575,1,1
57.554021207129324,0.8438976626899762,0.5365041797660063,1,1
29.472080084849665,0.4919993821589247,0.870595547860909,1,1
139.29933873238008,0.6521071536406567,-0.7581268100856748,1,1
181.16591512852816,-0.02034765345031182,-0.9997929650678015,1,1
175.65656785386676,0.07573460539884458,-0.9971280106110154,1,1
59.42589121596872,0.8609719682944992,0.5086524056869247,1,1
57.39355347070404,0.842391772870517,0.5388655685790912,1,1
138.189399133065,0.6666703868331633,-0.7453526650651491,1,1
330.09989866189244,-0.4984892730191436,0.8668958672671394,1,1
81.29894568127,0.9884911032405731,0.15127900982699033,1,1
33.984257740101675,0.5589651007563975,0.8291911818973899,1,1
289.5238257466982,-0.9425026001094413,0.33419881625604636,1,1
353.9197219195746,-0.10592180156641808,0.9943744626411745,1,1
146.1474930566218,0.5570569117899022,-0.8304743205103317,1,1
263.3353143053678,-0.9932423710009335,-0.11605857335175206,1,1
78.56543815314464,0.980151765812216,0.1982486216224339,1,1
67.17813130634025,0.9217151772203119,0.3878674155967848,1,1
232.34843292648088,-0.7917401826081697,-0.6108579894243686,1,1
157.07074282056004,0.38959428807898155,-0.9209865855137259,1,1
277.55946287232484,-0.9913088643952965,0.13155506592795133,1,1
217.9044765822841,-0.614346850231553,-0.7890360876478146,1,1
76.58322610538832,0.9727079900786779,0.23203268312265532,1,1
193.04181978461105,-0.22566218018542017,-0.9742056150700236,1,1
4.399944503902371,0.07671806239183064,0.9970528265357073,1,1
192.20025604000446,-0.21132916427185175,-0.9774149499205343,1,1
164.65840645437234,0.2645731953520329,-0.9643656071745896,1,1
348.5914030803162,-0.19780442250481495,0.9802415061797458,1,1
9.365632234356989,0.16273415665726365,0.986669952039206,1,1
161.03853485428795,0.3249321628191051,-0.94573732588161,1,1
45.96161604595047,0.718874268986992,0.6951401192482115,1,1
186.9151890593121,-0.120400013683279,-0.9927254588782672,1,1
108.81680866919965,0.9465546773829695,-0.32254339665295034,1,1
161.9113442407956,0.3104882267951084,-0.9505772251751192,1,1
170.1059348583795,0.1718270589558612,-0.9851271297708631,1,1
262.8318889121293,-0.9921843039296236,-0.1247810363624547,1,1
56.61019153636816,0.834945767293733,0.5503322320910156,1,1
132.52337586028577,0.7370016442946697,-0.675890950011134,1,1
20.040221936367594,0.34267972812184966,0.9394522893337028,1,1
144.30372333698782,0.5834884372905055,-0.8121214463048516,1,1
283.91540565307423,-0.9706518541248407,0.24048903942593536,1,1
264.8728180162426,-0.9959987805250585,-0.08936682378039613,1,1
279.92265475912114,-0.985041268359964,0.17231859919287162,1,1
171.40701279648974,0.14941432211376213,-0.9887746762267352,1,1
210.45315336008673,-0.5068337011685612,-0.8620438500214346,1,1
38.30346078950284,0.6198264328614593,0.7847389331021106,1,1
262.74975701136844,-0.9920044144670657,-0.12620317617973859,1,1
113.94609043898738,0.9139277514473207,-0.40587690884607397,1,1
204.29121885346296,-0.4113746721801972,-0.9114663345887413,1,1
159.66480753333576,0.3475116603749201,-0.9376756613581618,1,1
216.7869850946319,-0.5988416945693255,-0.8008674202671368,1,1
308.65601749092934,-0.7809101383693443,0.6246433828929685,1,1
107.44184958084887,0.954021650715481,-0.2997377019430637,1,1
105.79892492331756,0.9622231023251174,-0.2722621922923317,1,1
279.2327685111281,-0.9870446646417675,0.16044572291656964,1,1
223.56564475034156,-0.6891851974917124,-0.7245852355370688,1,1
141.71529214890668,0.6195695542057872,-0.7849417605792434,1,1
162.13270562494074,0.30681337783917345,-0.95176969440034,1,1
351.01512353181994,-0.1561737538981705,0.9877295979129883,1,1
162.49897205944654,0.3007229100413079,-0.9537115556478738,1,1
19.890810953281694,0.34022874325347746,0.9403427046902418,1,1
154.46604790327606,0.43104587145618195,-0.9023300154048853,1,1
98.89188412989095,0.987981770376078,-0.15457044156160854,1,1
198.40726427309565,-0.3157693381135327,-0.948835984302525,1,1
42.04558793979028,0.6697216848424484,0.7426121900775614,1,1
202.4629962961359,-0.382086677503028,-0.9241264907331123,1,1
219.66971635242038,-0.6383610626677987,-0.7697370678807399,1,1
15.786656691293963,0.27205615383908327,0.962281377331124,1,1
46.91370066653541,0.7303256413583241,0.6830991564733135,1,1
280.2007781263366,-0.9841932029142496,0.177098106532483,1,1
288.7055940110036,-0.9471789705314966,0.3207054689008192,1,1
15.693008990159786,0.27048298003114457,0.962724756881982,1,1
40.618651955488986,0.6510213544681701,0.7590594153466704,1,1
177.86528448777315,0.03724919500695721,-0.9993060079231655,1,1
79.58874839994535,0.9835360019558327,0.18071229304266045,1,1
86.6778859161698,0.9983195246365754,0.05794934623791816,1,1
277.49370158785166,-0.9914592038705131,0.13041720385151725,1,1
295.92355997538306,-0.8993780903888443,0.43717164881601805,1,1
345.49449632187407,-0.2504730005516374,0.9681235850833608,1,1
33.63697295832592,0.553928917944145,0.8325639638281426,1,1
111.41545449421055,0.9309573631193121,-0.36512790642997595,1,1
153.57309733842882,0.4450557026751763,-0.8955028874974692,1,1
169.4139630252143,0.18371180305756363,-0.9829801490454113,1,1
244.3394363328895,-0.9013752927392015,-0.43303877613825636,1,1
162.25468539212721,0.3047864153475893,-0.9524207268951924,1,1
62.95418536014267,0.8906432211697219,0.45470281787605155,1,1
33.85545480827325,0.5570996389134651,0.8304456588618467,1,1
127.50701866211573,0.7932787618168942,-0.6088586092437679,1,1
123.76320504099819,0.8313415471476105,-0.5557618482643598,1,1
59.72544654756067,0.8636195393026378,0.5041441176238197,1,1
23.65932313500903,0.40129760513080504,0.9159477234625787,1,1
64.03831523186092,0.8990869959086956,0.43777000101409097,1,1
305.7061443046576,-0.812020944227788,0.5836282944952305,1,1
146.21327357085164,0.5561030884669972,-0.831113322596544,1,1
274.9820078055258,-0.9962220178843861,0.08684291037477923,1,1
20.34750610925231,0.3477131716056709,0.9376009547200372,1,1
322.2617352602607,-0.6120553190015241,0.790814950846241,1,1
354.3448622310341,-0.09854059719376777,0.995133031661946,1,1
224.40381967513852,-0.6997109699281467,-0.7144260343536006,1,1
27.621802409345506,0.46363322314777455,0.8860272198942908,1,1
232.76015561777655,-0.7961092777645654,-0.6051528880020173,1,1
356.8254832446229,-0.05537742645970876,0.9984654929634271,1,1
313.2063742878191,-0.7288924654635397,0.6846282011358301,1,1
350.5823394653285,-0.16363005003305697,0.9865217720487365,1,1
331.2678874263244,-0.4807150362267862,0.8768768750203644,1,1
22.356599562860616,0.380369941477768,0.9248344217319117,1,1
137.68148190660307,0.6732515283823765,-0.73941353756257,1,1
354.0640205431135,-0.10341715004577391,0.994638071399044,1,1
235.34444358156233,-0.8225853762772293,-0.5686416259251947,1,1
129.17076357306397,0.7752668946015895,-0.6316337879933339,1,1
275.77955457921655,-0.9949167064065487,0.10070127761426526,1,1
232.38380277699144,-0.7921171267905146,-0.6103691157366498,1,1
157.95872035672866,0.37527450028918613,-0.9269137227556303,1,1
195.05078400467238,-0.259675089834765,-0.965696043131226,1,1
183.3660194576944,-0.05871433474514456,-0.9982748253339033,1,1
231.12532427090872,-0.7785206270894404,-0.6276190191479736,1,1
210.0027832847078,-0.5000420687436526,-0.8660011140215514,1,1
293.8226097288876,-0.9148003519058716,0.4039063210113125,1,1
219.74294116761573,-0.6393442759170215,-0.7689206050380881,1,1
150.53262290992265,0.49192791963053234,-0.8706359295870901,1,1
45.77948836017133,0.716660979641716,0.6974217090534076,1,1
53.925135070794745,0.8082482805400807,0.5888418437950916,1,1
322.77301990976446,-0.6049741269108905,0.7962451291960321,1,1
287.1975325127747,-0.9552910961332237,0.2956669099655624,1,1
238.81332069699508,-0.8554846731529183,-0.5178281317198251,1,1
63.740641415006095,0.8968004869652139,0.4424351778271651,1,1
286.89462695043665,-0.9568408411479241,0.2906124648244344,1,1
198.51957718369135,-0.31762866709012605,-0.9482151811917746,1,1
172.91421893339373,0.1233552086945923,-0.9923625811606933,1,1
255.1117986498667,-0.9664290089756049,-0.25693378643228343,1,1
164.48943838057593,0.2674160023886246,-0.963581175442156,1,1
334.61175182119985,-0.4287498431110514,0.9034232518771304,1,1
65.7685131240569,0.91189470538889,0.4104242272133916,1,1
49.891759166770356,0.7648287489157787,0.6442336414934606,1,1
26.678292653601545,0.44898049952360025,0.8935415552997736,1,1
280.6579346593186,-0.9827488441817628,0.1849451520300258,1,1
48.54700229126384,0.7494990455875731,0.662005423439504,1,1
297.6610584112731,-0.8857093552840967,0.46424017271475965,1,1
292.8507329289723,-0.92151966199467,0.3883317042905837,1,1
16.269117945837404,0.28014933933947517,0.9599564300881867,1,1
17.23460108132563,0.29628489135865044,0.9550996090212752,1,1
143.43138027730888,0.5957850911367738,-0.8031439006673375,1,1
326.9085460116426,-0.5459770041328763,0.8378001617080825,1,1
206.66737349782323,-0.4488102044930247,-0.8936271036304401,1,1
42.169512737561085,0.671326309819019,0.7411619160107854,1,1
288.33976503775637,-0.9492073285536229,0.3146513108507488,1,1
352.99457055591864,-0.12196339819443833,0.9925345986417122,1,1
250.85957938831066,-0.94471783371582,-0.3278844532137629,1,1
12.931396217696474,0.22378421979615987,0.974638714073181,1,1
138.28682017574127,0.6654020872254278,-0.7464851387107745,1,1
266.6476676569061,-0.9982888228363935,-0.058475859975957376,1,1
235.1561364703176,-0.8207120513447722,-0.5713420418431117,1,1
116.88401657989364,0.8919237075860244,-0.45218591292299254,1,1
293.87829174561176,-0.9144073898624273,0.4047951647005964,1,1
318.9652532141718,-0.6565165987890172,0.7543115772109696,1,1
212.3959639518785,-0.5357673172245465,-0.84436566829426,1,1
294.678078391737,-0.9086679887412088,0.4175194441424333,1,1
174.35068611361285,0.09843944546614222,-0.995143042771399,1,1
188.72906297979992,-0.15176220903938084,-0.9884170333960698,1,1
296.8595084692523,-0.8921170472525636,0.45180435367686234,1,1
227.60605602515108,-0.7385266086302716,-0.6742243308759107,1,1
223.29409030084227,-0.6857432840985449,-0.7278434916338418,1,1
18.301751041912212,0.31402147163690425,0.9494158811348128,1,1
35.196516910537454,0.5763826397392671,0.8171799389407417,1,1
160.2644115525197,0.33767997421508256,-0.9412609813511347,1,1
275.57835090550606,-0.9952642004385555,0.09720684814046282,1,1
313.4049872241319,-0.726514861729451,0.6871507517904908,1,1
187.7592935691246,-0.13501165029722267,-0.9908440110754166,1,1
160.20637250891642,0.3386332722036777,-0.9409184379937667,1,1
155.7625844219455,0.41051858366004595,-0.9118522317073912,1,1
240.2744070642051,-0.8684101158182398,-0.4958466201806274,1,1
242.03714946047518,-0.8832518034032464,-0.46889897822976,1,1
292.838912389461,-0.9215997580614677,0.38814157976316355,1,1
350.13569426312347,-0.1713153611680402,0.985216243790095,1,1
25.385598690718677,0.4287080662921873,0.9034430772860089,1,1
99.7440604871903,0.9855736092187327,-0.16924733620225982,1,1
103.02809243988149,0.9742596529154793,-0.22542876635649192,1,1
358.5832496349853,-0.02472443885565332,0.9996943043367172,1,1
262.61091033334804,-0.9916956698209523,-0.12860675899179194,1,1
78.41870780837485,0.9796408519071068,0.2007580665246556,1,1
38.94709917927203,0.628602589099385,0.7777266775529497,1,1
251.15806884379808,-0.9464131607570202,-0.32295840157194655,1,1
60.14186730130852,0.8672607735474224,0.4978541459764362,1,1
270.9853322587871,-0.9998521302158815,0.017196444480298646,1,1
28.35919421523203,0.4749976069221341,0.8799870870747171,1,1
352.8783410705586,-0.12397658885350271,0.9922851432004056,1,1
317.4398570960374,-0.6763637491711328,0.7365677693241599,1,1
80.13746130706608,0.9852215268131749,0.17128497629365091,1,1
120.56145137933208,0.8610843154103196,-0.5084621930432403,1,1
146.28012906222693,0.5551329268199137,-0.8317616446797462,1,1
349.24108842698826,-0.18667684044251448,0.9824213745854677,1,1
169.13045967497558,0.18857338581418379,-0.9820591011556152,1,1
26.93203643608037,0.4529332793827456,0.8915444152859642,1,1
68.34693021851069,0.9294351145211277,0.3689855930725457,1,1
127.83000200671535,0.7898339652139511,-0.6133207214780918,1,1
152.5488026808521,0.4609929188567771,-0.8874038138096483,1,1
5.656232787228137,0.09855961583390317,0.9951311482044332,1,1
337.02229755593004,-0.39037286993368625,0.9206568429223438,1,1
257.2373443787267,-0.9752935485676872,-0.22091286545207886,1,1
163.05360234817783,0.29147691798218384,-0.9565778621124406,1,1
326.52666037630127,-0.5515489090403319,0.8341425543253501,1,1
333.23086995844227,-0.4503965657282135,0.8928286137777122,1,1
83.7811796440155,0.9941154350162495,0.10832590577721003,1,1
127.51068304315442,0.793239820329131,-0.6089093425496179,1,1
33.740678034792126,0.5554349464044535,0.8315599920106077,1,1
102.09780711424607,0.9777912587897613,-0.2095811399776569,1,1
4.876403880347335,0.08500659104340144,0.9963803889475042,1,1
253.9572884059086,-0.9610559528101542,-0.27635385933286094,1,1
339.9471177004389,-0.3428873058503902,0.9393765461659457,1,1
3.4959431306456157,0.06097786572128151,0.9981391185060715,1,1
140.3522248447137,0.6380662480352377,-0.7699814693343175,1,1
275.42204622028174,-0.995525679989952,0.09449137781059054,1,1
135.24167808003523,0.7041178678359598,-0.7100831135818835,1,1
166.42726452376849,0.23467957330660788,-0.9720727842464413,1,1
251.33795028744865,-0.9474224303603567,-0.3199855285010169,1,1
281.3842212009637,-0.9803255706981148,0.1973873740526877,1,1
260.5458248813912,-0.9864172903332338,-0.16425872680512543,1,1
11.877219859563866,0.2058151252335791,0.9785908921633627,1,1
273.7566549873586,-0.9978513198397732,0.06551903154063594,1,1
98.74459793735224,0.9883758488425696,-0.15203019905508902,1,1
255.15668706985133,-0.9666300073215557,-0.2561765581499001,1,1
355.2389211114803,-0.08300090494004168,0.9965494718171969,1,1
201.71886215521363,-0.3700526139116228,-0.9290107980735075,1,1
18.258767430140026,0.31330912627364527,0.9496511945939125,1,1
290.61489955703564,-0.9359680089614364,0.35208505534993173,1,1
164.78518884321696,0.262438629972772,-0.9649486854221909,1,1
140.64003275206895,0.6341904467900839,-0.7731768731669318,1,1
1.2576815814187459,0.021948921820856598,0.9997590933974554,1,1
69.96779408390425,0.9395002230710408,0.3425482898066557,1,1
119.6719373774589,0.8688740785439344,-0.49503316619639637,1,1
293.8633388511963,-0.914513001046438,0.40455651140111165,1,1
184.19913534376917,-0.07322314654865425,-0.9973155823557127,1,1
311.1237377356677,-0.7532909759911143,0.6576873919198652,1,1
141.39823291741055,0.6239036996054654,-0.7815012307211122,1,1
51.95806270607615,0.7875599129261278,0.6162380899877822,1,1
29.47226017895817,0.4920021186430277,0.8705940013868532,1,1
192.8211812413799,-0.22190897802763832,-0.9750673850922966,1,1
126.56583962104426,0.8031728083627397,-0.5957461203454957,1,1
230.64748490636248,-0.7732593523719004,-0.6340898784631318,1,1
100.53063028046414,0.9831573440889417,-0.18276114675712204,1,1
189.95266239803544,-0.172834473268067,-0.984950884486201,1,1
293.8028806685268,-0.9149393775858409,0.40359129740720895,1,1
60.386527018228094,0.8693787560784438,0.4941463128259661,1,1
210.30236873777048,-0.5045633181185866,-0.8633746915500604,1,1
51.18921594847688,0.7792200135093594,0.6267504850787702,1,1
292.58032239804913,-0.9233421446433133,0.3839782336610849,1,1
171.7437591758478,0.1436004168679832,-0.9896357513122399,1,1
193.03636786773146,-0.22556947970019017,-0.9742270832961818,1,1
308.72212325925625,-0.7801889281491254,0.6255439524074378,1,1
210.48768111734518,-0.5073530965996115,-0.8617382638427896,1,1
225.25645899962691,-0.7102647352605673,-0.7039346602101904,1,1
221.78378646133652,-0.6663214890402923,-0.7456645849462932,1,1
108.31042508177295,0.9493683303702366,-0.3141652006349993,1,1
105.72188603455191,0.9625883113267761,-0.2709681584560546,1,1
100.31508389034659,0.9838379317326834,-0.1790612299855996,1,1
304.57838699162744,-0.8233505109370481,0.5675332026760213,1,1
154.60803327990348,0.4288084750898805,-0.9033954237713911,1,1
243.68560749183578,-0.8963751040994722,-0.4432963712356106,1,1
6.879091850939676,0.11977455776426679,0.9928011156885221,1,1
94.88974537054686,0.9963605679016804,-0.08523859883081678,1,1
123.45967487877324,0.8342740721426412,-0.5513499547025783,1,1
229.6087503091711,-0.7616372806320485,-0.6480035900760258,1,1
125.68443851391046,0.8122419862456819,-0.5833206286251751,1,1
229.86635122704467,-0.764542986894967,-0.6445727431327842,1,1
342.7781100132076,-0.29607299479002747,0.955165316453683,1,1
300.1009820368758,-0.8651428246604994,0.5015255655880889,1,1
239.7863648709745,-0.8641550698531325,-0.5032256106828504,1,1
311.1014207079664,-0.7535470917725295,0.657393930973783,1,1
237.5746919047174,-0.8440911633084464,-0.5361996904368687,1,1
37.04798788485062,0.602483706441424,0.7981311818696247,1,1
165.67776523422845,0.24737503992450158,-0.9689198055682169,1,1
125.08550781815784,0.818295130946761,-0.5747982938986713,1,1
266.5148821603028,-0.998150621663786,-0.06078927925380812,1,1
316.285805144452,-0.6910615027893731,0.7227959597026627,1,1
189.2398322243157,-0.16056740955027757,-0.9870248765812913,1,1
351.6778853583563,-0.14473812078245205,0.9894699977221969,1,1
31.44966528275484,0.5217493132229212,0.8530988536807502,1,1
350.09994222034226,-0.1719300937081613,0.9851091527731852,1,1
89.80515854755005,0.9999942178808372,0.0034006183103442536,1,1
264.35646217548765,-0.9951529615228277,-0.09833912330474258,1,1
74.80463603602058,0.9650377061127949,0.26211109434847435,1,1
321.0188478550937,-0.6290647093004205,0.7773529388333059,1,1
147.12898795759872,0.5427495871194584,-0.8398945681939236,1,1
97.71133349307172,0.99095667695311,-0.13418220598145486,1,1
50.45816438492422,0.7711599329914562,0.6366414671921808,1,1
44.78877750451139,0.7044952131849433,0.7097087392723167,1,1
104.68233101337798,0.9673459611617681,-0.2534596445669707,1,1
164.36456064530066,0.26951551737570933,-0.9629960466656671,1,1
268.7844381467493,-0.9997749585201755,-0.021213965116906618,1,1
101.30773619224561,0.9805881925624941,-0.19607854703414393,1,1
335.5476908022657,-0.4139356823398368,0.9103061303132335,1,1
57.264194003600714,0.8411730038953849,0.540766102411768,1,1
61.83915283606265,0.8816261619005117,0.47194841948307514,1,1
305.3185532737765,-0.8159504279152425,0.578121872259589,1,1
193.59443515219812,-0.23504771036262395,-0.9719838341522394,1,1
321.726611885193,-0.6194144637863699,0.7850641515521161,1,1
323.5676991437753,-0.5938725562220494,0.8045591258361867,1,1
128.42881177735853,0.783381007645543,-0.6215417901157201,1,1
347.14708108138666,-0.22244906007225113,0.9749443141395164,1,1
76.55418855580122,0.9725902708047625,0.2325256225363536,1,1
348.75358284663093,-0.1950289907083154,0.9807974779654033,1,1
190.50125819334383,-0.18225711734887506,-0.9832509055046318,1,1
283.72255170861837,-0.9714558248772961,0.23722053096638213,1,1
53.739910641495946,0.8063404665554503,0.5914516480619009,1,1
93.11622511028304,0.9985213161646146,-0.05436157802056273,1,1
243.44539661587413,-0.8945087248067908,-0.44705049071053365,1,1
318.56193921243994,-0.6618100077026197,0.7496716039071097,1,1
48.08368623802486,0.7441213648607683,0.6680444553753495,1,1
247.5188994905704,-0.92400571356769,-0.3823786621848348,1,1
342.70629640044996,-0.2972699508312947,0.9547934731305822,1,1
117.60932636033465,0.8861281541570167,-0.46344028138507604,1,1
257.53035948141974,-0.9764105555476196,-0.21592227077165735,1,1
24.57520212995386,0.4158872318227077,0.9094161920742589,1,1
253.61507398456703,-0.9593882227397448,-0.28208906052570304,1,1
243.08245736483403,-0.8916589628211838,-0.45270773576409173,1,1
168.88462515286128,0.19278528133738626,-0.9812409669900991,1,1
211.50369197304434,-0.5225535052783546,-0.8526064942992779,1,1
134.35721502403177,0.7149949460766523,-0.6991296210895696,1,1
149.32383115952607,0.5101852335145229,-0.8600645484518773,1,1
55.298216584744736,0.8221263209715245,0.5693051135953601,1,1
345.92322600205347,-0.24322183456029156,0.9699706898629082,1,1
131.41519510964247,0.7499356602430097,-0.6615107750414055,1,1
269.0481252205569,-0.9998620014920823,-0.016612584755156364,1,1
65.55924414821104,0.9103895794222708,0.41375211622339875,1,1
347.621182356679,-0.21437423493521465,0.9767515996382813,1,1
349.41965450269544,-0.1836141577972501,0.9829983932115081,1,1
344.0781934459748,-0.2743252338969703,0.9616369720676158,1,1
247.55520391381023,-0.9242478153112127,-0.3817931061353132,1,1
109.34369490354588,0.9435486202913742,-0.33123405795033223,1,1
338.39875529152965,-0.36814475130489327,0.9297684884349751,1,1
356.8161231939238,-0.05554053874013694,0.9984564329786529,1,1
277.9225706942524,-0.9904552424519014,0.13783472965673502,1,1
44.99235441673183,0.7070124181372764,0.7072011316447966,1,1
93.65287344777042,0.9979683594018771,-0.0637114874471308,1,1
250.1991210897644,-0.9408755726453443,-0.3387523532011188,1,1
76.777709430515,0.9734899907003219,0.22872961768491457,1,1
300.3705253262472,-0.8627738740700561,0.5055899941871348,1,1
325.1227784159403,-0.57181977000763,0.8203792724273458,1,1
285.7105612412132,-0.9626418507161089,0.2707778928381428,1,1
0.6561730156100598,0.011452129243489368,0.9999344222176725,1,1
282.41945965464254,-0.9765992903625726,0.21506702690863502,1,1
31.759292768441515,0.5263518348523333,0.8502668674878389,1,1
102.51990290743606,0.9762207633155969,-0.2167787380522206,1,1
189.4457556299998,-0.16411377318388323,-0.9864414171411037,1,1
353.48558911551385,-0.11345311077697193,0.9935433516737093,1,1
146.08741724009792,0.5579273750155721,-0.8298897783490486,1,1
252.03252499932935,-0.9512317822083926,-0.30847705995202496,1,1
343.5069241209002,-0.28389947050456876,0.9588540507539328,1,1
89.95721781708353,0.9999997212270699,0.0007466898836972132,1,1
317.45354767947725,-0.6761877301206641,0.7367293625438476,1,1
168.81215004100568,0.1940263272503507,-0.9809963222834934,1,1
190.4190569810911,-0.18084627807998743,-0.9835113744663129,1,1
253.85058132582682,-0.9605396077671192,-0.27814323991531537,1,1
260.9748638582686,-0.9876196164303241,-0.15686775717788326,1,1
224.55057241888463,-0.7015385454181253,-0.7126315101738211,1,1
276.6889164911247,-0.9931932001775842,0.11647861229002185,1,1
90.02159122944789,0.9999999289965453,-0.00037683803450026305,1,1
171.0773400021136,0.15510110398988278,-0.9878986018519915,1,1
321.9888119657402,-0.6158153368983634,0.7878905195779139,1,1
322.6153465707607,-0.6071630354212951,0.7945772765552757,1,1
314.63802089575125,-0.7115599476395189,0.7026253915958668,1,1
64.0588568872761,0.8992438872136863,0.43744763264740516,1,1
251.67550440703332,-0.9492911500755543,-0.31439833394633543,1,1
23.62703977414169,0.4007814498502844,0.9161736895675973,1,1
349.5357979725034,-0.18162115968507653,0.9833685750290416,1,1
283.8554697504986,-0.9709028934915154,0.2394735296641429,1,1
353.0417846667294,-0.12114546699258476,0.9926347645670831,1,1
29.097959804980228,0.4863042667285874,0.8737895399703357,1,1
42.16086886212331,0.6712144874643355,0.7412631866064775,1,1
109.9287809135954,0.9401170283518663,-0.3408518343838804,1,1
27.910468449881435,0.4680912783113789,0.8836801203879259,1,1
249.3016509823447,-0.9354542158466388,-0.35344788873998134,1,1
256.0974422269775,-0.970705756456184,-0.24027137653667285,1,1
148.31338544185772,0.5252728702155725,-0.8509338469090851,1,1
152.14716163096435,0.4672022055840013,-0.8841504957287785,1,1
13.757678125534042,0.2378160583542463,0.9713102091447663,1,1
248.98232044712796,-0.9334698017434571,-0.358656004038732,1,1
187.88309201815545,-0.13715224076067786,-0.9905499799880494,1,1
164.04846198883243,0.27482420173083116,-0.9614944919982701,1,1
171.50963468835963,0.1476430990661688,-0.9890407045709178,1,1
294.19654702891154,-0.9121448188203801,0.40986806352671096,1,1
186.60778537585642,-0.11507212936203937,-0.9933571387190441,1,1
306.2221170976076,-0.806732268687199,0.5909171233420173,1,1
265.8105823119711,-0.9973279870295517,-0.07305399569895035,1,1
342.25396933897855,-0.3047983181875956,0.9524169177571413,1,1
323.0870633422948,-0.6006007686364984,0.7995490708600989,1,1
170.54928638738895,0.16419913242367046,-0.9864272121709305,1,1
251.6503942394393,-0.9491532722426017,-0.3148143354282991,1,1
356.21219444328386,-0.06606153363532313,0.9978155509781099,1,1
186.20585101915856,-0.10810087739070948,-0.9941399299431438,1,1
56.138728992419374,0.830389102380568,0.557183936099736,1,1
30.386649489840973,0.5058327757659403,0.862631556900699,1,1
325.3166360640488,-0.5690407865507907,0.8223092990120308,1,1
85.15599714511004,0.9964283012421633,0.0844431198124314,1,1
349.36127294358516,-0.18461568893871,0.9828107892151395,1,1
274.05683552787127,-0.9974943633438309,0.07074598997318116,1,1
96.25278318563605,0.9940510487591048,-0.10891516175870088,1,1
351.47796628039515,-0.1481897370741877,0.9889589485038714,1,1
338.1185166755264,-0.37268790780821187,0.9279567464992847,1,1
316.1693531001072,-0.6925291366680698,0.721389904882081,1,1
100.7366865150769,0.9824937127008393,-0.1862957447268205,1,1
72.23134875172711,0.9522965080218824,0.3051743121714686,1,1
4.985310993396679,0.08690034392823466,0.9962170096044107,1,1
181.9039467075779,-0.0332240234808624,-0.9994479297410862,1,1
19.008239048059412,0.32570411525853243,0.945471749606331,1,1
227.35313267153654,-0.7355431636894805,-0.6774778626270161,1,1
314.0968475833124,-0.7181645858334882,0.6958732841937635,1,1
231.33647154839832,-0.7808282465378834,-0.6247457478115193,1,1
66.80398632653868,0.9191627453511348,0.39387796023459465,1,1
317.0384285418575,-0.6815076844237771,0.7318109565122276,1,1
218.14158280004244,-0.617606836009209,-0.7864869967867836,1,1
276.2092994539252,-0.9941334219246929,0.10816071103825321,1,1
69.68436363143849,0.9377942188265093,0.34719159427552,1,1
283.21905278194913,-0.9735029146687639,0.2286746053487821,1,1
81.72896920121697,0.9895986502268111,0.14385587047205817,1,1
352.466288700525,-0.13110950915034408,0.9913678916579636,1,1
216.9434656953697,-0.6010267088681976,-0.7992289379314682,1,1
127.38541810513263,0.7945691732186084,-0.6071736398845862,1,1
28.644812455628536,0.479378403801959,0.8776083101066705,1,1
326.01153714434923,-0.5590259561719789,0.8291501554760782,1,1
212.1064748357447,-0.53149430700305,-0.8470618641063636,1,1
17.633404216369264,0.3029255624147689,0.9530142200595414,1,1
191.97240174021567,-0.20744051209011924,-0.9782476342643457,1,1
118.92633400770603,0.8752423106385147,-0.48368470894597626,1,1
265.1266371525212,-0.9963848993569726,-0.08495370700208203,1,1
84.56423268439711,0.9955030228099341,0.09472978188660582,1,1
40.43464495419256,0.6485802607922097,0.7611462706410045,1,1
173.04915895202245,0.12101770837793711,-0.9926503484404529,1,1
102.06940439782188,0.9778950323998025,-0.2090964026658261,1,1
249.5138275374495,-0.9367566796383882,-0.3499813182912227,1,1
291.7049874036878,-0.9291003828102206,0.36982763371860355,1,1
11.65983826499414,0.2021008549496661,0.9793647147149085,1,1
160.35891050267387,0.33612707712248274,-0.941816642465558,1,1
123.6899164914521,0.8320517565522899,-0.5546980028972962,1,1
161.9302663155909,0.3101742793576258,-0.9506797128502203,1,1
40.99263722174317,0.6559620398285634,0.7547938806746848,1,1
170.188090685036,0.17041431917852365,-0.985372498002111,1,1
249.42954274468488,-0.9362408272446244,-0.3513589523554244,1,1
250.39321463757736,-0.9420177196866328,-0.33556313235574087,1,1
24.134747111907572,0.4088839749225175,0.912586376761982,1,1
349.0174629014204,-0.19050980115315852,0.9816852935969775,1,1
8.917630251006049,0.15501438007778573,0.9879122136956805,1,1
289.6194549921242,-0.9419434946703129,0.33577142946992716,1,1
260.96677936027163,-0.9875974723844672,-0.15700710983841323,1,1
96.89257164739601,0.9927729092321732,-0.12000812761928766,1,1
328.3181274655652,-0.5252024417899225,0.8509773176400784,1,1
29.591151481539324,0.49380757956583876,0.8695712014339756,1,1
178.1935906654508,0.03152256767398342,-0.9995030403791872,1,1
180.9773421861456,-0.01705701185936816,-0.9998545185907944,1,1
330.4048167369065,-0.49386876821024345,0.8695364510970756,1,1
187.6413129118875,-0.13297106814813497,-0.991119919603851,1,1
102.08925506416917,0.9778225302785488,-0.20943519112044282,1,1
185.51905351249846,-0.09617676276338977,-0.9953642701565868,1,1
179.00041523192118,0.01744516037641952,-0.9998478216105894,1,1
300.1322624053329,-0.8648688901574715,0.5019978115866478,1,1
11.813655451840974,0.20472934203703277,0.978818622886326,1,1
231.83538662884274,-0.7862386804484932,-0.6179229218653506,1,1
56.69586685036489,0.8357677542963958,0.5490831092633968,1,1
103.88536295820425,0.9707778196560772,-0.2399800509704771,1,1
28.056164270176367,0.4703368477376623,0.8824869685497906,1,1
288.5262522667099,-0.9481781703258709,0.3177391340667431,1,1
13.741673472194824,0.23754472921434447,0.971376601335694,1,1
67.17337703259604,0.9216829896893708,0.38794389609486474,1,1
326.2988142843734,-0.554861644321636,0.8319426396457212,1,1
338.86548434545585,-0.3605587649971229,0.9327364992235211,1,1
212.71583907781297,-0.5404729304874311,-0.8413614035658686,1,1
301.7538066592378,-0.8503172621302314,0.5262704188184505,1,1
173.80643885293927,0.10788763315034504,-0.994163094574133,1,1
152.08695937592384,0.4681309488105815,-0.8836591055184713,1,1
227.52693060549072,-0.7375948014918629,-0.6752435922037169,1,1
121.40583173936837,0.8534977629030943,-0.5210965061477705,1,1
302.0550970894251,-0.8475381201895045,0.530734523868234,1,1
134.19044959596954,0.7170268053495504,-0.6970455942118979,1,1
323.7244934734129,-0.5916685970179123,0.8061812893529936,1,1
130.13937345738773,0.7644785808562526,-0.6446491289158855,1,1
149.9003249181753,0.5015058309711596,-0.8651542645689997,1,1
192.83832715459783,-0.2222007595751797,-0.9750009345863281,1,1
83.0807586161833,0.9927169409352311,0.12047022528491004,1,1
200.39626500112564,-0.3485109470167378,-0.9373047102247468,1,1
216.47261088052258,-0.5944384508560386,-0.8041411120841124,1,1
20.455801743479,0.3494847234291599,0.9369420622907499,1,1
172.8141236352516,0.1250886695785778,-0.9921455663072135,1,1
341.54280347157123,-0.31659611182496944,0.9485604366498275,1,1
108.55671096049386,0.9480091248035956,-0.3182431449208621,1,1
179.54429131211037,0.007953533176215256,-0.9999683701547839,1,1
112.25304252912724,0.9255203956566376,-0.37869776501001573,1,1
1.527003019528479,0.026648075482167934,0.9996448769803689,1,1
355.2976859192817,-0.08197876108056788,0.9966340766458345,1,1
59.287252482481954,0.8597386615871178,0.5107342104973891,1,1
337.8805519806592,-0.3765387348990546,0.9264008749567433,1,1
165.9548329042009,0.24268671857502255,-0.970104714258872,1,1
219.79851836225728,-0.640089831876243,-0.7683000762258474,1,1
167.98691641151154,0.20813504705973446,-0.9781000982442657,1,1
35.02522438544287,0.5739370112769221,0.8188994487032668,1,1
88.91142206140401,0.9998195193142055,0.018998126178941695,1,1
264.92139677418925,-0.9960741930117114,-0.08852232495855425,1,1
209.48981014094304,-0.49226876252339274,-0.8704432580264423,1,1
224.74929533855422,-0.7040059900725908,-0.710194034008954,1,1
197.04709690707918,-0.2931576846357401,-0.9560641045134013,1,1
210.0521962812287,-0.5007887389262539,-0.8655695460011589,1,1
82.15311475727188,0.9906364524677598,0.13652625770192314,1,1
234.53896107302967,-0.8145102075347185,-0.5801492237534666,1,1
56.50645293678452,0.8339479786776506,0.551843065426631,1,1
293.42829483358827,-0.9175583870598403,0.3976010643045921,1,1
101.7209939013888,0.9791484410482121,-0.20314608141152027,1,1
7.5889892656906355,0.13206590239033691,0.9912409381304961,1,1
112.709840972612,0.9224717936405448,-0.38606448935067333,1,1
160.07422292307947,0.3408025465502895,-0.9401348968445101,1,1
330.79765337491926,-0.48789541041767537,0.8729020955945564,1,1
345.8983567981089,-0.2436428269200982,0.9698650281819543,1,1
49.63155095498516,0.7618950909759612,0.6477004480056593,1,1
15.278037023144279,0.2635032904003482,0.9646584970590316,1,1
13.557877906275202,0.23442749380898145,0.972133607147927,1,1
67.02493219462536,0.9206747925114556,0.3903305348470552,1,1
343.5271821826319,-0.2835604308571952,0.958954369118824,1,1
352.49816387658774,-0.13055796439065392,0.9914406779702801,1,1
340.89307117606853,-0.32733217000546866,0.9449093345287213,1,1
340.2842554495729,-0.33735395637927534,0.9413778774303388,1,1
238.9831240746629,-0.8570155639706744,-0.515290523017867,1,1
178.4143115394953,0.027671951756726793,-0.9996170582207835,1,1
196.35538069406894,-0.2815943019027668,-0.9595335581082578,1,1
166.40372830002417,0.235078866022727,-0.9719762994792974,1,1
343.47692980898876,-0.28440139119595104,0.958705298142139,1,1
341.70280072016783,-0.31394604597703435,0.9494408250203832,1,1
268.8504743182418,-0.9997987446063233,-0.02006166203533013,1,1
239.0124269594382,-0.8572789878474601,-0.514852150617276,1,1
89.37761995742244,0.9999410027477644,0.01086236732003151,1,1
134.11400696040602,0.7179561481903093,-0.6960883343913578,1,1
337.04431829465375,-0.3900190010206171,0.9208068086427684,1,1
101.64105962433119,0.9794309004873603,-0.2017798581883696,1,1
283.9986415482265,-0.9703014618398578,0.24189889034767192,1,1
22.13023675008339,0.3767131684638856,0.926329956714075,1,1
35.83634776363433,0.5854720865216867,0.8106925655906452,1,1
145.61719490820028,0.5647193550209523,-0.8252830121023452,1,1
7.456920929807858,0.12978071614867875,0.9915427200660273,1,1
155.04977193604648,0.42183080716541455,-0.9066745668243787,1,1
294.41134956001673,-0.9106018122436953,0.4132848164867637,1,1
27.569334925587697,0.4628216668596421,0.8864514113504826,1,1
136.56468322718237,0.6875352364931799,-0.7261510163735,1,1
196.66534279687917,-0.28678109743744024,-0.9579961389027501,1,1
20.335431640836678,0.347515574583414,0.9376742107053813,1,1
14.88352296669381,0.256854873559827,0.9664499852183585,1,1
216.31312796923606,-0.5921978226127141,-0.8057926153128734,1,1
107.29802245197509,0.9547710627458565,-0.297341920595041,1,1
348.9268872725808,-0.19206145272959887,0.9813829010001123,1,1
159.51971750156974,0.3498850185423814,-0.9367926525115349,1,1
306.8954516093504,-0.7997323199621151,0.6003567409532545,1,1
138.14353751550595,0.6672667804770067,-0.7448187992202199,1,1
172.60876154065582,0.1286439509672538,-0.9916908459189965,1,1
175.25028467042486,0.08280325613906717,-0.9965659139127567,1,1
336.20761148763796,-0.4034237444987878,0.9150132689609352,1,1
112.3562568092432,0.9248366971564954,-0.3803644089457699,1,1
71.60865611932896,0.9489236883721313,0.31550567926145223,1,1
75.76027353423862,0.9692750311337365,0.245979499187827,1,1
255.93853170379148,-0.97003562829101,-0.24296271287188378,1,1
186.71038785919995,-0.1168507993488492,-0.9931494805373131,1,1
141.64817433778848,0.6204886307037689,-0.7842154418062436,1,1
12.907877105071837,0.2233841254528802,0.9747304922365218,1,1
260.5754995966262,-0.9865022311536157,-0.16374781808909178,1,1
133.14137490100865,0.7296686749904155,-0.6838008662891056,1,1
229.42696333608868,-0.7595774769388811,-0.6504168329057632,1,1
14.728946225380053,0.25424658256066734,0.9671394290670926,1,1
202.12653978463896,-0.3766533969624219,-0.9263542619088381,1,1
9.41691443180989,0.16361720358052093,0.986523902747668,1,1
258.569178675276,-0.9801647062711293,-0.19818463255366406,1,1
184.24397118288192,-0.07400355641959638,-0.9972579774748617,1,1
80.62331573925195,0.9866385432002753,0.1629244765885052,1,1
330.1462916421079,-0.49778717521004734,0.8672992149174364,1,1
219.8004932821499,-0.6401163139196001,-0.7682780126061034,1,1
113.04599885007902,0.9201908656224251,-0.39147001267664416,1,1
330.8110712025935,-0.487690976226637,0.8730163295764346,1,1
246.36226588879316,-0.9160988671929167,-0.4009524479634148,1,1
252.72946654482777,-0.9549136096291551,-0.29688381253449586,1,1
54.85862050513187,0.8177342304544969,0.5755959766563624,1,1
344.9905844270527,-0.25897777485332957,0.965883280801577,1,1
303.9725959059898,-0.8293049350254139,0.5587963177603213,1,1
34.47049785929603,0.5659818114605817,0.8244177273056412,1,1
125.02081450780985,0.8189436204212295,-0.5738739814378844,1,1
125.381525569614,0.815314536563309,-0.5790183127229714,1,1
191.79799257789642,-0.20446175599591296,-0.9788745529101611,1,1
199.20785125255358,-0.3289960517405071,-0.9443312967063824,1,1
29.085065739454215,0.4861076134122874,0.8738989576504884,1,1
63.52107911122253,0.8950984571617386,0.4458685366637516,1,1
96.72803137434651,0.9931134507149995,-0.11715662170336927,1,1
243.770404089518,-0.897030191862401,-0.4419692691661991,1,1
217.09827782104304,-0.6031840139398374,-0.7976020595055068,1,1
327.306727516825,-0.5401415088137902,0.8415742097143676,1,1
79.51155915953734,0.9832916527315287,0.1820371546374497,1,1
28.597033865153215,0.4786464051573193,0.8780077555636825,1,1
237.29891658503036,-0.8415005663050766,-0.5402562326417302,1,1
177.61366703494372,0.04163732701687953,-0.9991327904732631,1,1
133.4635360979344,0.7258123033655898,-0.6878927970862445,1,1
59.45146404015329,0.8611989093482488,0.5082680774329493,1,1
106.09840656222131,0.9607868661105607,-0.277287933220051,1,1
0.1389470357946898,0.0024250808835070276,0.9999970594870309,1,1
338.252118279793,-0.37052309827867874,0.9288232521001876,1,1
323.3543846717572,-0.5968638391758524,0.8023425437332001,1,1
348.2621774218035,-0.20343366403111557,0.979088731596312,1,1
343.8773174612848,-0.27769498960077516,0.9606692941645556,1,1
118.13623696220729,0.881828796122541,-0.4715696919110367,1,1
208.56081415753232,-0.478091274186281,-0.8783101579436152,1,1
117.62667739603619,0.8859877686543463,-0.4637086087133735,1,1
108.9220043837119,0.945960888916905,-0.3242807373858936,1,1
140.0831277151457,0.6416755161870801,-0.7669762264412401,1,1
287.7057135347532,-0.9526311583421471,0.30412805881026367,1,1
1.0415532503864888,0.018177532360383684,0.9998347750089948,1,1
99.79993866255501,0.9854080806990656,-0.17020844424699882,1,1
260.48013134089723,-0.9862283080978971,-0.16538961365926041,1,1
124.50414328217387,0.8240852274143385,-0.5664658312356164,1,1
239.28555481554943,-0.8597235282175947,-0.5107596842244801,1,1
79.12104928806626,0.9820281161955478,0.18873467885214867,1,1
92.85395980346105,0.9987596888542377,-0.04979039987574207,1,1
119.76501050053375,0.8680687845783303,-0.49644393967567013,1,1
9.146410213384906,0.15895783135661784,0.9872853730560385,1,1
95.57972515991761,0.9952618686203326,-0.09723071978733742,1,1
289.03842658470256,-0.9453000140371444,0.3262022125329236,1,1
225.28249152808257,-0.7105844969970252,-0.7036118764116227,1,1
322.0223040303002,-0.6153546728322351,0.7882503578327973,1,1
254.8893934913594,-0.9654243901333369,-0.2606832310212426,1,1
174.73813349003717,0.09170785752898182,-0.9957859553475555,1,1
138.74206266601664,0.6594499631051047,-0.751748459367012,1,1
139.62960844248167,0.6477262783447334,-0.7618731313950381,1,1
174.42073186381094,0.09722278100945232,-0.9952626441561986,1,1
108.21744372208475,0.9498769170137153,-0.3126241233886458,1,1
168.71009880856343,0.19577330055079803,-0.9806491802838806,1,1
262.31657626348266,-0.991021921835013,-0.13369947809336216,1,1
273.350484565055,-0.9982907081526682,0.058443665320068484,1,1
0.07418286104523109,0.0012947348120528736,0.999999161830532,1,1
203.97042906588297,-0.40626509883031003,-0.9137552568781196,1,1
220.30823222754324,-0.6468993526195027,-0.7625753914076091,1,1
179.59145716403802,0.007130357201326336,-0.999974578679969,1,1
62.679453903087065,0.8884527051515776,0.45896818049712756,1,1
246.87758190702937,-0.9196679173561446,-0.3926969846915196,1,1
6.477586621020945,0.11281453246469987,0.9936160633085453,1,1
266.6005444430169,-0.9982403914270292,-0.05929688797577427,1,1
255.9332046340663,-0.9700130346629507,-0.24305290079316724,1,1
114.6367564553419,0.9089688690279183,-0.4168640007701637,1,1
59.42543017652686,0.8609678753155705,0.5086593336159204,1,1
64.7259666604174,0.9042761369812312,0.42694808593821054,1,1
63.33440187572083,0.893641010085504,0.4487825142464444,1,1
53.15381197442359,0.8002482180599584,0.5996688998871471,1,1
193.04278918488544,-0.22567866295863534,-0.9742017969010336,1,1
246.049150738361,-0.9138940373263393,-0.40595281565640534,1,1
6.851117197551262,0.11928980855228118,0.9928594772552459,1,1
190.03947037506427,-0.17432655865465013,-0.9846878951970653,1,1
75.44236689284338,0.9678952965192438,0.2513537248101273,1,1
354.2093674968103,-0.10089363914269561,0.9948972175961412,1,1
60.522919892241866,0.8705526093035535,0.492075354427322,1,1
5.965092844233371,0.10392253661187033,0.9945853942141692,1,1
224.46751515356144,-0.7005047618235709,-0.7136477272874217,1,1
358.76131261336315,-0.021617489246373932,0.9997663147749493,1,1
218.03717149382067,-0.6161725794862308,-0.7876111682101039,1,1
7.753141130852397,0.13490525238705597,0.9908585029550813,1,1
17.539552669919782,0.3013641018053042,0.9535091389929529,1,1
18.174571727433474,0.3119132834449126,0.9501105744125857,1,1
293.44537921417475,-0.9174397901060433,0.3978746429846708,1,1
49.15792397485624,0.7565150022379877,0.6539763385542763,1,1
247.4680466548248,-0.9236659697133301,-0.383198612201993,1,1
110.3673988958648,0.9374801740675278,-0.3480386806524781,1,1
96.25039217475533,0.9940555930335019,-0.10887367890731427,1,1
346.4563147783722,-0.2341866803008861,0.9721916471404445,1,1
0.7721500431402539,0.013476152645629546,0.9999091925319377,1,1
62.5084708176764,0.8870790900883652,0.46161746926215663,1,1
8.406490399297443,0.14619509124475466,0.98925577850015,1,1
155.49558564304104,0.41476334944908017,-0.909929318108709,1,1
164.7157850325081,0.26360730362406876,-0.9646300790852668,1,1
37.627885816759445,0.6105306984499387,0.7919925922950479,1,1
115.00899340193108,0.9062414398187537,-0.4227605146595791,1,1
334.35484501298254,-0.43279635164010355,0.9014917182132157,1,1
331.60727262872723,-0.4755125502875824,0.8797089373872471,1,1
226.66647390724597,-0.7273713328554161,-0.6862440849582132,1,1
88.56920185235825,0.9996882123499471,0.02496954321902997,1,1
75.74422464716645,0.9692060927962135,0.24625098920958163,1,1
332.3963713671636,-0.46335215887274755,0.886174236179299,1,1
171.18010255756806,0.15332901493598688,-0.9881751935657765,1,1
91.73101490987884,0.9995436549724986,-0.030207313753766455,1,1
175.7659511137662,0.07383085341943797,-0.9972707782159054,1,1
294.7930593711988,-0.9078282829657598,0.4193421140875792,1,1
355.3517243152468,-0.0810387513902871,0.9967109514664235,1,1
355.81778947795044,-0.07292854245448456,0.9973371685119654,1,1
2.6368080352786505,0.04600473880313857,0.9989412214978692,1,1
126.25252317742718,0.8064185635368477,-0.5913451617990689,1,1
88.73665246119526,0.9997569179887039,0.022047787501877292,1,1
151.93671747725972,0.47044648159189284,-0.8824285285267067,1,1
66.3494298693604,0.916009018505797,0.40115767226372034,1,1
318.02867147973717,-0.6687586442128185,0.7434795732167985,1,1
172.80840272151917,0.12518773348008516,-0.9921330714103422,1,1
318.1426346689292,-0.6672785169846926,0.7448082845744327,1,1
30.556358591643317,0.5083856527689549,0.8611295071350671,1,1
259.31174925831704,-0.9826508492815936,-0.18546511371727795,1,1
257.27267435304805,-0.9754295834011947,-0.22031143371548323,1,1
186.19367919690092,-0.1078896814823915,-0.9941628722848325,1,1
202.09787214849055,-0.3761898534458864,-0.9265426024551502,1,1
352.97764062465706,-0.12225667000898734,0.9924985171970352,1,1
202.52699937267639,-0.38311874771783516,-0.9236990988125504,1,1
318.27646156850085,-0.6655370347437265,0.7463648272691632,1,1
99.09636249157415,0.9874238456629169,-0.15809537949053473,1,1
295.5476635362796,-0.9022268360816381,0.43126179549563276,1,1
9.81827704275275,0.17052383027301438,0.9853535524414677,1,1
27.746741245771478,0.46556418502330804,0.8850141183187887,1,1
259.2951616224276,-0.982597114307816,-0.18574959206941133,1,1
154.43571926597235,0.43152344552386435,-0.9021017215165995,1,1
124.9591232554658,0.8195610445899918,-0.5729918796898971,1,1
265.27349929237204,-0.9965993816384559,-0.08239946915998503,1,1
9.663739693919112,0.16786553186384695,0.9858099021677901,1,1
86.28690690805186,0.9979008454507265,0.0647603478119527,1,1
309.3422887542405,-0.7733725145042196,0.6339518544885097,1,1
305.2922926326224,-0.816215315489381,0.5777478331941802,1,1
323.1168735985063,-0.60018469227957,0.7998614474727969,1,1
53.22496406078948,0.8009922925457011,0.5986746589612608,1,1
115.2031088746282,0.9048039483078422,-0.42582838694307334,1,1
229.54245196418677,-0.7608869501363665,-0.6488844651493657,1,1
155.60436030067578,0.4130351241418037,-0.9107150960784414,1,1
6.4774543161799025,0.1128122380508065,0.9936163238121484,1,1
231.39729300099035,-0.781490995702725,-0.6239165197649149,1,1
234.41441139850403,-0.813247154592964,-0.5819184354756667,1,1
111.6429721674257,0.929500128857771,-0.36882178684750605,1,1
294.6172961858606,-0.9091104026931455,0.4165552492948647,1,1
231.46832850430525,-0.7822639287189986,-0.6229471452901261,1,1
353.59974010569977,-0.11147343994763605,0.9937674135260427,1,1
247.23722487236333,-0.9221147245626556,-0.38691657336528995,1,1
239.73757697355947,-0.8637262552587235,-0.5039612643614015,1,1
112.77100322497883,0.9220591509752534,-0.38704899186381425,1,1
85.23457036358296,0.9965431662806961,0.08307657756097668,1,1
209.10198396354784,-0.4863656359771952,-0.873755382324194,1,1
139.6331504556904,0.6476791782680577,-0.7619131722434083,1,1
125.48722609450735,0.814244963935335,-0.5805214369047408,1,1
63.76808003210611,0.897012263766378,0.4420056545483529,1,1
133.86311958008497,0.7209972945638807,-0.6929378768919798,1,1
13.702412681782663,0.23687905705157752,0.97153914606173,1,1
284.772092004413,-0.9669476980659265,0.2549748011176906,1,1
198.30927848896377,-0.31414620198423715,-0.9493746171974891,1,1
303.23007154749,-0.8364768110254692,0.5480023217256123,1,1
352.5294675939355,-0.13001626840661404,0.9915118607205964,1,1
321.03911519297185,-0.6287896955138376,0.7775754103722773,1,1
239.14130596773987,-0.8584349075071348,-0.512922518099193,1,1
342.6903579436062,-0.2975355423895365,0.9547107420653463,1,1
203.9240396642345,-0.4055251458212144,-0.9140838889875933,1,1
209.34660606166378,-0.49009165640102337,-0.8716709059766199,1,1
11.671846520466884,0.2023061092876322,0.9793223361819644,1,1
158.35653173415312,0.368829834957824,-0.9294969353607274,1,1
209.95173531550918,-0.499270302235889,-0.866446285297181,1,1
292.43803886591814,-0.9242928359367726,0.3816841016285043,1,1
121.45376908446082,0.8530614812753912,-0.5218104149633613,1,1
150.96085508866787,0.48540705387258987,-0.8742882774295516,1,1
325.34647003416217,-0.5686125321478516,0.8226054876332934,1,1
321.02474458997455,-0.6289847027955369,0.7774176764450434,1,1
142.6020954268847,0.6073467859074543,-0.7944368330131005,1,1
123.92134705324155,0.8298044248467543,-0.5580543132211659,1,1
208.51482397528284,-0.47738611815721493,-0.8786936293104586,1,1
147.84402749572104,0.5322258830271722,-0.8466023915841171,1,1
218.2526544430201,-0.6191303314132898,-0.7852882481764706,1,1
22.945925558670343,0.3898622032551089,0.9208732065127491,1,1
274.9403697239105,-0.9962848654346836,0.08611891142945557,1,1
77.09219098766901,0.9747307577150274,0.22338296704155552,1,1
215.9774043624336,-0.5874661559585126,-0.809248735311541,1,1
352.5960484686869,-0.12886398908623595,0.9916622773488878,1,1
309.5076387271668,-0.7715397739842967,0.6361810883390517,1,1
168.06281889923522,0.20683912834146334,-0.978374966455573,1,1
55.30728668884948,0.8222164334798922,0.5691749612514645,1,1
31.665298099787865,0.5249562504136076,0.8511292117837842,1,1
303.2606515654426,-0.8361842110059281,0.5484486897280306,1,1
143.1838318606792,0.5992495308581899,-0.8005623022390196,1,1
139.3354947933902,0.6516286137402978,-0.758538166313929,1,1
189.56960596554978,-0.1662456760676304,-0.9860843651477375,1,1
187.0779691062012,-0.12321990443785236,-0.9923793907323583,1,1
74.88612946163559,0.9654095379473737,0.2607382289581609,1,1
66.43325048573315,0.9165949099771031,0.3998171719724731,1,1
22.08814552427453,0.3760325566548964,0.9266064517018981,1,1
68.15105008592208,0.9281682147269756,0.3721609398775465,1,1
236.7407062020087,-0.8361972076408192,-0.548428874088242,1,1
113.89178161125436,0.91431205850469,-0.4050104439059768,1,1
350.52607384536543,-0.16459875540814697,0.9863606083568468,1,1
230.91993370866504,-0.7762657777894097,-0.6304057758563153,1,1
171.8561750599647,0.14165844934485605,-0.9899155942448886,1,1
85.42278432584698,0.9968106916676153,0.07980253741035086,1,1
77.60416583267532,0.9766878886206231,0.21466431520350404,1,1
241.58127689805033,-0.8794931015306134,-0.4759116350332928,1,1
283.72490265268976,-0.9714460904944082,0.23726039126480833,1,1
83.99511992780472,0.9945129887238673,0.10461316962754294,1,1
271.7819003903819,-0.9995164330835807,0.03109501561144196,1,1
293.07622484220525,-0.919984220289555,0.39195539850628375,1,1
296.1016456060246,-0.8980149397902782,0.4399649621429676,1,1
93.53081417732375,0.9981018216291396,-0.06158533640886568,1,1
55.86435570394325,0.8277113950989875,0.5611540309249216,1,1
157.6744856808843,0.3798681259911212,-0.9250406514613256,1,1
151.71268445564044,0.47389327249867924,-0.8805822881937228,1,1
192.54445995660666,-0.2171971276777344,-0.9761277619904793,1,1
314.11759111480416,-0.7179126027743908,0.6961332449881271,1,1
133.86464076025464,0.7209788970846014,-0.6929570188393157,1,1
129.9132881034416,0.7670163654443883,-0.6416275361457615,1,1
94.29076848757134,0.9971972011756983,-0.07481805909908339,1,1
359.735909900527,-0.004609225437099136,0.9999893774640158,1,1
191.2434792488191,-0.1949786989750266,-0.9808074770035178,1,1
150.62545016520536,0.49051672145259145,-0.8714317793008245,1,1
90.14381994923477,0.9999968496212186,-0.0025101290082420054,1,1
159.6047816345918,0.3484938249891165,-0.9373110764012421,1,1
293.10982077901036,-0.9197542352944972,0.3924947727777209,1,1
284.1932036608301,-0.969474441067926,0.24519239000432402,1,1
198.136281012515,-0.31127825584562924,-0.950318813576635,1,1
101.3334651347963,0.9805000436925726,-0.1965188650457333,1,1
306.7382667355107,-0.8013763232525509,0.5981605039872017,1,1
252.43089295664552,-0.9533535621791104,-0.30185590184788674,1,1
186.13072399588177,-0.10679725472829268,-0.9942808186737288,1,1
82.08524753482155,0.9904740413088893,0.13769957695373197,1,1
169.94754311792224,0.174549740880153,-0.9846483575158552,1,1
192.21587614140427,-0.21159562142816332,-0.9773573005776492,1,1
102.02295336873138,0.9780642303557261,-0.20830353165191676,1,1
183.48847659491875,-0.06084779207367812,-0.9981470563998867,1,1
231.72913591604078,-0.7850914376381279,-0.6193798790300645,1,1
95.96238702316313,0.994590300897447,-0.1038755667167491,1,1
323.4931345067768,-0.594919105000154,0.8037855799314988,1,1
52.57448564456658,0.7941440715410601,0.6077295398745955,1,1
40.18622383038646,0.6452740223193624,0.7639512000905496,1,1
183.87962181515675,-0.06766044357397401,-0.9977084064872728,1,1
69.74415368191055,0.9381560141193496,0.3462127859737344,1,1
239.8473795936126,-0.8646904686426955,-0.5023050800444643,1,1
164.4647621591337,0.2678309739787889,-0.9634659150055975,1,1
91.1147520876118,0.9998107361682679,-0.019454866811833997,1,1
287.66368989463734,-0.9528539650815895,0.3034292689051159,1,1
287.6595943419902,-0.9528756520379275,0.3033611572915929,1,1
197.87083698835838,-0.30687222542622583,-0.9517507222282291,1,1
199.0442062484732,-0.32629756722029646,-0.9452671038527238,1,1
103.34677252164045,0.9729907509961189,-0.23084409993761718,1,1
297.05933144423733,-0.8905359261984174,0.4549129193042631,1,1
206.01158219084456,-0.4385528266791237,-0.898705412363668,1,1
310.5836400413002,-0.7594570952909006,0.6505573920971984,1,1
195.05680147559397,-0.2597765103205706,-0.9656687655121017,1,1
323.26981679780846,-0.5980474364395976,0.801460706315678,1,1
101.51926179561374,0.9798576253856982,-0.19969735595019955,1,1
250.87438300854492,-0.9448025183159109,-0.327640353717171,1,1
272.55241180067407,-0.9990079023892587,0.04453325682917444,1,1
61.045738185373864,0.8750064431795201,0.484111272740395,1,1
197.34970456225747,-0.2982030249604508,-0.9545024651117653,1,1
190.96412153361035,-0.19019426564672864,-0.9817464750713911,1,1
307.88835429342015,-0.7892089256397902,0.6141248013966609,1,1
25.50577215856751,0.4306020239279736,0.9025419087162284,1,1
344.045507626724,-0.2748737792387144,0.9614803198646483,1,1
144.5638276061102,0.579795669354099,-0.8147619172483654,1,1
44.68647678867696,0.7032269170846254,0.7109654725003552,1,1
318.39424773419603,-0.6640012852265819,0.7477314312087245,1,1
154.06507926655385,0.43734997127740416,-0.8992913891635201,1,1
203.71915448637287,-0.4022538683009197,-0.9155281674732604,1,1
30.947096034170237,0.5142463914209477,0.857642494813855,1,1
358.51996629477605,-0.025828588556802295,0.9996663863575505,1,1
105.23878481168515,0.9648387915916825,-0.26284236005617856,1,1
178.85444749931244,0.019992330851763468,-0.999800133380224,1,1
159.4974083796882,0.3502497487455969,-0.9366563476022817,1,1
209.11467320780883,-0.48655913385895133,-0.8736476459411009,1,1
282.81174393230447,-0.9751039229626097,0.22174836960602187,1,1
134.4468599338283,0.7139002139905112,-0.7002474451679938,1,1
218.06511012983702,-0.6165565621087117,-0.7873106157805103,1,1
42.582203906231925,0.676647304964373,0.7363072895771513,1,1
27.30834409486944,0.4587789606615391,0.8885504292128377,1,1
337.89952500430877,-0.37623194426999057,0.9265255118510352,1,1
141.02892124815577,0.6289280301457408,-0.7774635251232035,1,1
172.5904819285222,0.1289603328848396,-0.9916497529582868,1,1
100.52784414528969,0.9831662300952679,-0.18271333832060174,1,1
65.86288620560016,0.9125694864576769,0.40892167023327564,1,1
155.05441270580383,0.42175736812294057,-0.9067087307586766,1,1
256.55811271098133,-0.9726061940705774,-0.23245900983946902,1,1
325.14558329569377,-0.5714931971697552,0.8206068032795556,1,1
359.8400227862349,-0.0027921254804701397,0.9999961020100535,1,1
126.15372603187201,0.8074370416007433,-0.5899537472133215,1,1
201.6672240025016,-0.3692151873795436,-0.9293439327871509,1,1
78.09640940664661,0.9784960608432638,0.2062655058758389,1,1
322.4737136948178,-0.6091253416167036,0.7930739676728358,1,1
90.28385306987391,0.9999877281216298,-0.004954150395516735,1,1
265.8519796375215,-0.9973805096512186,-0.07233338764274326,1,1
311.03047909912345,-0.7543604758783975,0.6564604119309234,1,1
125.93031056638118,0.8097313248864045,-0.5868008022299459,1,1
19.789487677413838,0.33856528678334363,0.9409429029358329,1,1
325.04529151963595,-0.5729287288753317,0.8196051925343668,1,1
268.3351085131183,-0.9995778507264865,-0.029053749104336234,1,1
10.883285162767873,0.18880896916944873,0.9820138355243119,1,1
136.90860161130408,0.6831641493194955,-0.7302648458501682,1,1
303.09680132806807,-0.8377492027440497,0.5460551925416597,1,1
65.6918876495668,0.9113450023240773,0.4116433975407931,1,1
242.28324993737482,-0.8852576942579062,-0.465100865143439,1,1
327.4994629693916,-0.5373075133910149,0.8433864096922384,1,1
151.07330542480418,0.4836902169149196,-0.8752392667498402,1,1
161.45557612593646,0.31803983694001225,-0.9480773502827554,1,1
114.09375513882136,0.912878677131588,-0.40823096506571127,1,1
344.1303277683681,-0.2734501119921486,0.961886186745335,1,1
265.82407527454063,-0.9973451633434173,-0.07281912630272541,1,1
271.9964630391838,-0.9993929795170401,0.034837802629516454,1,1
97.75352315795011,0.9908576034346551,-0.13491185906261785,1,1
102.62418944044873,0.9758245780802678,-0.21855523973235533,1,1
107.16133830746564,0.9554776806819008,-0.2950633859338291,1,1
4.874542027277378,0.08497421315321527,0.9963831507502483,1,1
203.73033890223505,-0.4024325762034851,-0.9154496281119056,1,1
299.1062601397682,-0.8737190807918611,0.48643084591771657,1,1
315.6066856098215,-0.6995799668599598,0.7145543156179365,1,1
57.75401493985841,0.8457652120883228,0.5335552511419921,1,1
109.43419293610899,0.9430242631039992,-0.332723968474108,1,1
151.16026155341083,0.4823613353436901,-0.8759723409819811,1,1
228.93310641411384,-0.7539431083728155,-0.6569397151467834,1,1
353.26041749573835,-0.1173568362059756,0.9930898111428411,1,1
173.36294216204837,0.1155796213222103,-0.9932982186307466,1,1
293.1820543098258,-0.9192586812581756,0.3936540066244468,1,1
358.7783575420189,-0.02132006768742003,0.9997727015246034,1,1
132.09452763473465,0.7420398705684401,-0.6703557492009542,1,1
102.97979873725447,0.9744493171369308,-0.22460749838633898,1,1
88.11223789953848,0.9994572748124921,0.032941703422660853,1,1
