execution_id,task_hash,topology_family,node_count,edge_count,route,outcome,trajectory_class,stop_reason,budget_allocated,projection_iterations,initial_residual,final_residual,kcl_violation,kvl_violation,projection_runtime_ms,oracle_runtime_ms,surrogate_runtime_ms,scheduler_overhead_ms,total_runtime_ms,retrieval_similarity,warmstart_applied,warmstart_iterations_saved,escalation_count,oracle_calls,is_degraded,timestamp
opex_00000,hash_791743,tree,62,25,oracle_forced,success,oscillatory,converged,18,16,4.3977926559872085,0.004595410768136323,0.0012312500617045904,2.0799307999138623e-05,46.79639408647977,0.0,1.786429543354675,0.01693438126244735,48.599758011096895,0.0,False,0,0,1,False,2026-05-19T02:26:10Z
opex_00001,hash_565894,ladder,23,77,retrieval_semantic,success,stable_linear,converged,14,11,4.881899834786566,0.0013248520002501218,9.497731319666444e-05,0.0009633456769068319,16.017704759846975,0.0,4.088216525459695,0.0364394550270428,20.142360740333714,0.8599404067363206,False,0,0,0,False,2026-05-19T02:26:10Z
opex_00002,hash_805889,bridge,8,58,oracle_forced,diverged,divergence_risk,divergence,27,24,2.480686221828206,3.3039581226708146,0.03417736140670751,0.0017496860721739544,66.55922412472692,0.0,0.2994577768406861,0.05931278992824902,66.91799469149585,0.0,False,0,0,1,False,2026-05-19T02:26:10Z
opex_00003,hash_048984,bridge,73,13,standard,converged_early,fast_converging,converged,10,9,2.928614595750859,0.004418526815040737,0.0033597284456608496,0.0009340328151510838,10.709981595507227,0.0,0.3513655007312834,0.014032164637141284,11.075379260875652,0.0,False,0,0,0,False,2026-05-19T02:26:10Z
opex_00004,hash_491234,ladder,49,135,retrieval_warmstart,success,fast_converging,converged,5,3,3.304841570724011,0.0020090940062565048,6.56680658047829e-05,0.0003724883504103537,3.9388749152006026,0.0,1.3078757839577408,0.055744467946300995,5.302495167104644,0.8872127425763265,True,3,0,0,False,2026-05-19T02:26:10Z
opex_00005,hash_198286,ladder,45,33,standard,converged_early,fast_converging,converged,5,1,1.4077364105092829,0.011305469204711836,0.0006450624521653773,0.0008284528822863231,2.238790216065319,0.0,0.1500458131390036,0.05136978058194907,2.4402058097862716,0.0,False,0,0,0,False,2026-05-19T02:26:10Z
opex_00006,hash_685440,tree,29,194,oracle_forced,budget_exhausted,stable_linear,budget_exhausted,18,15,1.4829819674757512,0.3953688935339824,0.002147979593060577,0.0003920727193329705,12.07829830127525,0.0,0.4405191413413164,0.12366563853316954,12.642483081149736,0.0,False,0,0,1,False,2026-05-19T02:26:10Z
opex_00007,hash_765313,ladder,5,117,standard,stagnated,stalled,stagnated,21,19,1.9544131940933984,0.9918964526708802,0.001214086976880855,0.00045197449896696237,55.659648929245634,0.0,3.282009864541398,0.019503064749610267,58.96116185853664,0.0,False,0,0,0,False,2026-05-19T02:26:10Z
opex_00008,hash_692517,star,26,73,retrieval_warmstart,converged_early,fast_converging,converged,5,4,1.5780285080013758,0.0007826543049273488,0.0006722721094736362,0.00424403698261526,4.420552715115004,0.0,1.1151550102972934,0.07669438131197315,5.612402106724271,0.23763754399239967,True,9,0,0,False,2026-05-19T02:26:10Z
opex_00009,hash_299648,tree,13,189,degraded,degraded,stable_linear,escalate,34,31,0.5746452301753526,0.17517325636057152,0.0002568241470549577,0.001036124341547692,29.013398247886837,5.8710626378385955,0.4889587009811018,0.14301719089021536,35.516436777596745,0.0,False,0,1,1,True,2026-05-19T02:26:10Z
opex_00010,hash_528787,ladder,26,58,retrieval_warmstart,budget_exhausted,stable_linear,budget_exhausted,16,13,2.8834276026020293,0.5672881887941621,9.772614047494073e-05,0.0022751232251945227,35.763586857808235,0.0,1.0026699194828848,0.025702325490566197,36.79195910278168,0.3492095746126609,True,5,0,0,False,2026-05-19T02:26:10Z
opex_00011,hash_877844,ladder,50,152,standard,converged_early,fast_converging,converged,5,1,1.7776443863185956,0.0018218355528808576,0.0006647808435589135,0.000594975903031482,2.9861436565270516,0.0,0.19349404041660798,0.005912035929935501,3.185549732873595,0.0,False,0,0,0,False,2026-05-19T02:26:10Z
opex_00012,hash_974339,mesh,37,196,standard,success,stable_linear,converged,10,8,2.454774644796929,0.002154517752955404,0.001035928692551691,0.0011054075029197246,21.28335130143806,0.0,0.2616054011910977,0.039576762010182606,21.58453346463934,0.0,False,0,0,0,False,2026-05-19T02:26:10Z
opex_00013,hash_365890,ladder,48,28,cache_hit,cache_hit,retrieval_assisted,converged,5,0,1.3590996401765572,0.0,0.00031262368712381216,0.0006641319712349923,0.0,0.0,0.5020169787271848,0.09796332463302233,0.5999803033602071,0.0,False,0,0,0,False,2026-05-19T02:26:10Z
opex_00014,hash_993933,bridge,78,119,standard,success,retrieval_assisted,converged,6,6,3.2518116988955623,0.0004255795838234978,5.198350817616321e-06,0.0009885776341980908,5.914109302680633,0.0,0.07358294369751586,0.030273982549987682,6.017966228928136,0.0,False,0,0,0,False,2026-05-19T02:26:10Z
opex_00015,hash_997639,tree,55,64,standard,success,stable_linear,converged,17,13,4.275200759312135,0.009845035858314794,0.00028801727598069246,3.9608912299420725e-05,16.35612922687974,0.0,0.7702062692473535,0.024774593464684202,17.15111008959178,0.0,False,0,0,0,False,2026-05-19T02:26:10Z
opex_00016,hash_550233,tree,64,27,oracle_forced,success,stable_linear,converged,19,16,1.0973544000933642,0.017456190421735233,0.001253846419846702,4.1934609880439284e-05,23.95283605779178,0.0,0.5683148056814483,0.07313722112964473,24.594288084602876,0.0,False,0,0,1,False,2026-05-19T02:26:10Z
opex_00017,hash_855474,ladder,59,33,standard,converged_early,fast_converging,converged,5,1,3.3722176722950765,0.0036355497818582397,0.001070349457388161,0.0005721212287167012,2.3250982914045464,0.0,0.04889210344129426,0.04673982435115491,2.4207302191969955,0.0,False,0,0,0,False,2026-05-19T02:26:10Z
opex_00018,hash_720777,tree,21,190,cache_hit,cache_hit,fast_converging,converged,5,0,2.591032158228251,0.0,0.001049175712447296,4.92521412713079e-05,0.0,0.0,2.177543021763462,0.020115671081484796,2.197658692844947,0.0,False,0,0,0,False,2026-05-19T02:26:10Z
opex_00019,hash_151836,ladder,15,16,standard,success,oscillatory,converged,21,18,1.078251589552596,0.008335445740289162,0.001718357396736351,0.0009833381846878035,45.91920796970707,0.0,1.0540733534888314,0.016576705179953664,46.98985802837585,0.0,False,0,0,0,False,2026-05-19T02:26:10Z
opex_00020,hash_535626,bridge,31,124,cache_hit,cache_hit,stable_linear,converged,5,0,3.567261510377554,0.0,0.0004164622093726905,0.00030204408516945743,0.0,0.0,1.1805504573421957,0.026411355743232685,1.2069618130854283,0.0,False,0,0,0,False,2026-05-19T02:26:10Z
opex_00021,hash_637144,tree,32,21,ood_escalated,budget_exhausted,divergence_risk,budget_exhausted,22,19,2.1740813860675243,0.8926021249470528,0.00041673367093075314,0.0026701379243993266,50.274605712543064,0.0,0.5603556094421597,0.07448923582477306,50.90945055781,0.0,False,0,0,1,False,2026-05-19T02:26:10Z
opex_00022,hash_220184,ladder,54,127,standard,budget_exhausted,stalled,budget_exhausted,16,16,1.936911369156867,0.9297654670693831,0.0030079495401039895,0.0008519972910552638,33.27348848679197,0.0,0.5950146636228576,0.022351138937309854,33.890854289352134,0.0,False,0,0,0,False,2026-05-19T02:26:10Z
opex_00023,hash_208124,star,9,178,standard,stagnated,oscillatory,stagnated,19,18,2.4868872561801965,1.6291142645978476,0.0004321916194678851,0.00012450597755245087,15.434625692377614,0.0,1.4334305470790938,0.05314528398740175,16.921201523444108,0.0,False,0,0,0,False,2026-05-19T02:26:10Z
opex_00024,hash_203196,star,56,171,retrieval_warmstart,converged_early,stable_linear,converged,21,19,3.1158743775205204,0.00994392987039373,0.002123267783087499,0.0002700847425957415,52.61545105155595,0.0,0.8962154427861401,0.02655593683140937,53.5382224311735,0.7081811955831998,True,5,0,0,False,2026-05-19T02:26:10Z
opex_00025,hash_821052,mesh,49,153,retrieval_warmstart,success,fast_converging,converged,5,3,3.1251594429372185,0.016373601045511884,0.0004697965779202672,0.00033646915742055873,8.014493461420953,0.0,0.2530820677318534,0.17014350531259556,8.4377190344654,0.012154474689816341,True,7,0,0,False,2026-05-19T02:26:10Z
opex_00026,hash_791267,star,66,159,degraded,degraded,fast_converging,escalate,40,37,0.9804022967114797,0.2296729890476547,0.00018594399458125908,0.0010408577439442073,54.41482551906317,1.3028951418329755,0.3091616830501305,0.02734132296566606,56.054223666911945,0.0,False,0,1,1,True,2026-05-19T02:26:10Z
opex_00027,hash_061813,ladder,67,150,retrieval_warmstart,budget_exhausted,stable_linear,budget_exhausted,19,15,4.732393222109225,1.261919263373944,0.0008702725517737158,0.002515488155500023,10.60306575132398,0.0,2.092822556887118,0.04510212710420071,12.740990435315299,0.16483426113700095,True,3,0,0,False,2026-05-19T02:26:10Z
opex_00028,hash_810006,ladder,55,169,retrieval_semantic,stagnated,oscillatory,stagnated,13,12,0.6656984043619611,0.235351578071008,1.3766286836276085e-05,7.83497901825037e-05,26.751431915067364,0.0,0.7643130005392462,0.07429687113549362,27.590041786742106,0.9131657522576428,False,0,0,0,False,2026-05-19T02:26:10Z
opex_00029,hash_640053,bridge,7,61,standard,success,fast_converging,converged,5,2,2.111732231147782,0.0006026956069923463,0.001113441283519102,0.0007346104241860378,4.861591958678197,0.0,0.7343098604235151,0.1005885055654242,5.696490324667137,0.0,False,0,0,0,False,2026-05-19T02:26:10Z
opex_00030,hash_315557,ladder,32,110,cache_hit,cache_hit,fast_converging,converged,5,0,2.077644014629686,0.0,0.0008913973756649446,0.0004979818675611507,0.0,0.0,2.3450615229814415,0.02640513072125559,2.371466653702697,0.0,False,0,0,0,False,2026-05-19T02:26:10Z
opex_00031,hash_498870,mesh,77,122,standard,success,oscillatory,converged,16,12,4.910146588784647,0.003392456463336799,0.0003986160321004998,0.0010034862739576596,13.204368563345792,0.0,0.07889530497623504,0.011898760985620795,13.295162629307649,0.0,False,0,0,0,False,2026-05-19T02:26:10Z
opex_00032,hash_212890,tree,75,30,retrieval_warmstart,success,fast_converging,converged,5,4,1.7536565256438137,0.0009740590874155398,9.288590786036757e-05,0.00012855621349335252,6.607787680327258,0.0,0.23109220634509658,0.02764905577554593,6.866528942447901,0.5034172708548569,True,7,0,0,False,2026-05-19T02:26:10Z
opex_00033,hash_073686,ladder,4,113,standard,success,oscillatory,converged,20,17,4.127905759068776,0.0068967862010715425,0.0002039796320618005,0.00023489903118153324,24.245064368633734,0.0,0.6626625646686144,0.0531500917029276,24.960877025005278,0.0,False,0,0,0,False,2026-05-19T02:26:10Z
opex_00034,hash_450009,bridge,46,29,cache_hit,cache_hit,fast_converging,converged,5,0,1.5911172663562834,0.0,0.0003136746118785438,0.000473664984802472,0.0,0.0,0.38872476125613575,0.016877846781181493,0.40560260803731724,0.0,False,0,0,0,False,2026-05-19T02:26:10Z
opex_00035,hash_862522,ladder,72,125,retrieval_semantic,converged_early,stable_linear,converged,10,9,3.0098401967769686,0.004415917313270588,0.0008311652920943808,0.00047605812227684134,12.092553762118158,0.0,2.299065266308478,0.05176797226997768,14.443387000696614,0.24435315546465453,False,0,0,0,False,2026-05-19T02:26:10Z
opex_00036,hash_122883,ladder,8,122,cache_hit,cache_hit,fast_converging,converged,5,0,2.860301253066146,0.0,0.0005283055564893023,0.004038642166015921,0.0,0.0,0.5072579937424304,0.17945298320633576,0.6867109769487661,0.0,False,0,0,0,False,2026-05-19T02:26:10Z
opex_00037,hash_854016,ladder,16,68,standard,budget_exhausted,oscillatory,budget_exhausted,21,19,4.273621514161811,0.7779317006667977,0.0034418339716282176,0.0012411641712965075,18.97657904857019,0.0,1.3327429163284454,0.042734113299124174,20.352056078197762,0.0,False,0,0,0,False,2026-05-19T02:26:10Z
opex_00038,hash_604055,star,40,167,standard,escalated,divergence_risk,escalate,19,15,0.7851873671274548,1.172262881603765,0.00038913002251942026,0.0016600706137698987,17.049024553641143,5.720706755101758,1.4280662228282086,0.050272329708456985,24.248069861279568,0.0,False,0,1,1,False,2026-05-19T02:26:10Z
opex_00039,hash_948027,ladder,32,39,standard,stagnated,oscillatory,stagnated,17,14,2.206528632337102,1.479653461526291,0.0012786839610557958,4.9289665061526265e-05,34.35300686129952,0.0,1.7599171820122244,0.07441520391552776,36.18733924722727,0.0,False,0,0,0,False,2026-05-19T02:26:10Z
opex_00040,hash_345266,star,74,46,retrieval_warmstart,success,fast_converging,converged,6,6,1.5449571281606778,0.011491699247752918,0.0004843317423587113,0.0007842823821777635,16.597081664468206,0.0,0.9787993038573307,0.011215730792888987,17.587096699118423,0.9398321236134751,True,9,0,0,False,2026-05-19T02:26:10Z
opex_00041,hash_174944,tree,40,145,standard,budget_exhausted,stable_linear,budget_exhausted,13,13,1.902749305079967,0.37939994574875413,0.0013623680618684115,3.4107539857837935e-05,25.021414758317785,0.0,1.4374137158597788,0.1096833672192969,26.568511841396862,0.0,False,0,0,0,False,2026-05-19T02:26:10Z
opex_00042,hash_388349,tree,76,108,ood_escalated,converged_early,stable_linear,converged,17,14,3.973468912692103,6.139070571852856e-05,0.0009124050439600671,0.0008335785457914348,32.06626761565333,0.0,0.913867083228071,0.0926650757515368,33.072799774632934,0.0,False,0,0,1,False,2026-05-19T02:26:10Z
opex_00043,hash_250869,bridge,53,33,oracle_forced,converged_early,fast_converging,converged,7,4,3.0430993261514403,0.0059643537026297915,0.002557469357845626,0.0012283974533925182,3.5253904291426137,0.0,0.8587021498525602,0.05166104285170075,4.435753621846875,0.0,False,0,0,1,False,2026-05-19T02:26:10Z
opex_00044,hash_942654,ladder,27,94,standard,success,stable_linear,converged,16,14,3.1607394608521817,0.002545824217045068,5.631814924329379e-05,0.00040826488630074117,35.099870700930396,0.0,0.004642784066342885,0.02528569482950844,35.12979917982624,0.0,False,0,0,0,False,2026-05-19T02:26:10Z
opex_00045,hash_791189,mesh,28,160,standard,converged_early,stable_linear,converged,14,12,1.1338565917090992,0.0009702725160404838,0.0006898880428028177,0.000542876216256007,33.445377032043,0.0,0.45003458303972826,0.0484451191892636,33.94385673427199,0.0,False,0,0,0,False,2026-05-19T02:26:10Z
opex_00046,hash_173532,bridge,32,148,standard,converged_early,fast_converging,converged,5,5,1.894716168208749,0.0025318288805846003,0.0005565012275572903,0.0016083486163039561,6.867337488116663,0.0,0.6315476523618031,0.0540382610265661,7.552923401505032,0.0,False,0,0,0,False,2026-05-19T02:26:10Z
opex_00047,hash_078623,mesh,12,114,cache_hit,cache_hit,oscillatory,converged,5,0,2.303433773938967,0.0,0.0008201634571378748,0.00016870300676095548,0.0,0.0,1.9789493282961403,0.1510455854632343,2.1299949137593748,0.0,False,0,0,0,False,2026-05-19T02:26:10Z
opex_00048,hash_597794,bridge,34,124,ood_escalated,converged_early,fast_converging,converged,5,3,2.774785455977152,0.004519945783605168,0.00041441188022762245,0.0008426767622420002,8.155953618851273,0.0,0.8135572295588464,0.06879369078751611,9.038304539197634,0.0,False,0,0,1,False,2026-05-19T02:26:10Z
opex_00049,hash_087955,mesh,13,134,oracle_forced,diverged,divergence_risk,divergence,12,12,1.435488148157123,1.651401624963013,0.01001015016451364,0.043738436437218337,18.64273651777494,0.0,2.2318630208218275,0.09003479515097393,20.96463433374774,0.0,False,0,0,1,False,2026-05-19T02:26:10Z
opex_00050,hash_526861,mesh,11,44,standard,success,fast_converging,converged,8,5,1.1305092909490364,0.01014252463859662,0.0006683203296619165,0.0022495394902897433,12.498190699341441,0.0,0.5537566192586073,0.006136279473877006,13.058083598073924,0.0,False,0,0,0,False,2026-05-19T02:26:10Z
opex_00051,hash_573044,bridge,29,61,standard,converged_early,fast_converging,converged,7,6,2.883477553947865,0.008438468523861013,0.00068933595952025,6.953809143059698e-05,9.07872132041533,0.0,0.6880897787626069,0.06868447217495845,9.835495571352894,0.0,False,0,0,0,False,2026-05-19T02:26:10Z
opex_00052,hash_996121,mesh,31,153,standard,budget_exhausted,stable_linear,budget_exhausted,20,16,2.2241233771227384,0.6840671373612524,4.810466429197722e-05,0.00018186170504927231,37.52134465705482,0.0,0.0864282756718436,0.05121011094925578,37.65898304367592,0.0,False,0,0,0,False,2026-05-19T02:26:10Z
opex_00053,hash_688281,mesh,68,77,retrieval_warmstart,budget_exhausted,stable_linear,budget_exhausted,18,14,2.676897238695857,0.5566995662354617,0.0007761870629119899,0.00017675373936699897,36.45353811085152,0.0,1.8734545618826481,0.16031790100496734,38.48731057373913,0.15467214088323622,True,3,0,0,False,2026-05-19T02:26:10Z
opex_00054,hash_939024,ladder,76,61,retrieval_semantic,converged_early,stable_linear,converged,14,12,0.8499440483553069,1.1710656375811066e-05,0.003432669107975828,5.2676683940878304e-06,9.092812380412347,0.0,0.3777476459321444,0.08736484313273506,9.557924869477226,0.9620987857641177,False,0,0,0,False,2026-05-19T02:26:10Z
opex_00055,hash_475526,ladder,16,83,retrieval_warmstart,budget_exhausted,stable_linear,budget_exhausted,16,13,1.49544248818821,0.7403445301717805,0.0028834637873204148,4.022510120537909e-05,29.431193106759874,0.0,2.5935835574752555,0.014957641269392502,32.03973430550452,0.5679452305526295,True,4,0,0,False,2026-05-19T02:26:10Z
opex_00056,hash_490457,star,57,112,standard,converged_early,fast_converging,converged,5,4,3.4004599278161995,0.005251501914847696,0.0004536536212011655,0.0008225208149466207,6.810618838440864,0.0,2.1628088596191,0.042779342771910665,9.016207040831874,0.0,False,0,0,0,False,2026-05-19T02:26:10Z
opex_00057,hash_564262,ladder,48,33,standard,budget_exhausted,oscillatory,budget_exhausted,21,20,0.6098035170044211,0.2732160930789915,2.1498864160261314e-05,0.0020770577666041705,36.4468567013606,0.0,2.797991842792663,0.08516862615115628,39.33001717030442,0.0,False,0,0,0,False,2026-05-19T02:26:10Z
opex_00058,hash_950417,ladder,64,41,ood_escalated,success,stable_linear,converged,11,11,2.0136670872278994,0.0036961565588691436,0.001317783019038959,3.3519736348833225e-06,18.351046079785444,0.0,0.35240247886530857,0.10080556644331563,18.80425412509407,0.0,False,0,0,1,False,2026-05-19T02:26:10Z
opex_00059,hash_866867,ladder,6,63,retrieval_warmstart,escalated,divergence_risk,escalate,9,6,4.803870639017412,6.5265027436397345,0.00029973124181680873,0.0008880780512023283,17.734957726201223,10.779409447282342,0.91828884287454,0.12202679357393123,29.554682809932032,0.9891849098133589,True,9,1,1,False,2026-05-19T02:26:10Z
opex_00060,hash_554736,tree,63,127,standard,converged_early,fast_converging,converged,5,1,4.807716183424965,0.008749414194025213,0.0016132937723659865,0.000993652245278212,1.0408100575913837,0.0,0.7303514907077608,0.050474951443369505,1.821636499742514,0.0,False,0,0,0,False,2026-05-19T02:26:10Z
opex_00061,hash_613089,bridge,78,174,standard,success,stable_linear,converged,14,14,4.52714648552528,0.00983509549221379,0.000611442036005969,0.0004962158121703472,16.553578119971025,0.0,0.6475560866881959,0.0072695721540345475,17.208403778813253,0.0,False,0,0,0,False,2026-05-19T02:26:10Z
opex_00062,hash_506079,ladder,64,97,retrieval_semantic,diverged,divergence_risk,divergence,24,22,3.755390511598632,7.669122920607441,0.004225972361777928,0.012434813059020824,48.57923200127778,0.0,0.07918484019491231,0.10025993115221025,48.7586767726249,0.4951465270139743,False,0,0,0,False,2026-05-19T02:26:10Z
opex_00063,hash_678250,mesh,55,162,standard,converged_early,fast_converging,converged,11,9,3.8872248780093854,0.0008634708773063949,0.0021275463180521533,0.0020545033221429356,5.158063868277581,0.0,1.7476473762753137,0.011898195370187784,6.9176094399230825,0.0,False,0,0,0,False,2026-05-19T02:26:10Z
opex_00064,hash_503238,bridge,76,67,standard,budget_exhausted,stalled,budget_exhausted,22,22,3.0192994053897326,0.44183685569684744,0.00047271989413420935,9.113809533961244e-06,56.02736812749129,0.0,0.1374805724866967,0.021657893140153428,56.18650659311814,0.0,False,0,0,0,False,2026-05-19T02:26:10Z
opex_00065,hash_679181,tree,66,179,standard,diverged,divergence_risk,divergence,15,13,1.2486991411952255,3.2027511608385315,0.061648115888939585,0.03208221480822916,8.382414968160946,0.0,0.07763123684559245,0.100667434440602,8.56071363944714,0.0,False,0,0,0,False,2026-05-19T02:26:10Z
opex_00066,hash_724238,star,31,161,ood_escalated,converged_early,stable_linear,converged,17,15,1.63628937359772,5.1500506199075e-06,0.00017309023677516326,0.0006321262453210327,42.911386310918616,0.0,0.10780084605866488,0.10127932509288294,43.120466482070164,0.0,False,0,0,1,False,2026-05-19T02:26:10Z
opex_00067,hash_238360,mesh,26,16,retrieval_warmstart,success,fast_converging,converged,9,5,3.373366764488385,0.0025341215150456982,0.00032050173006688124,0.004133770529131774,7.616675078938037,0.0,2.245252506848132,0.018065290624194524,9.879992876410364,0.2131047040250833,True,3,0,0,False,2026-05-19T02:26:10Z
opex_00068,hash_646701,bridge,17,157,standard,converged_early,stable_linear,converged,22,20,4.301524526525995,0.007156960563018636,0.000984088750423564,0.00014069398592758247,11.626308974562596,0.0,2.536383301814264,0.05294038447153901,14.215632660848398,0.0,False,0,0,0,False,2026-05-19T02:26:10Z
opex_00069,hash_006154,ladder,47,37,standard,converged_early,fast_converging,converged,7,5,4.929581333313068,0.0008101284479650462,0.0006247385267484239,0.001140862259634493,7.444313548499608,0.0,3.676945028352358,0.06898650154373269,11.1902450783957,0.0,False,0,0,0,False,2026-05-19T02:26:10Z
opex_00070,hash_219724,tree,28,154,standard,converged_early,fast_converging,converged,5,1,3.6610923674484677,0.004100912120190553,9.818895384563226e-06,0.0003952098359978601,1.7942791084617786,0.0,0.09196891710405072,0.026587394554184133,1.9128354201200135,0.0,False,0,0,0,False,2026-05-19T02:26:10Z
opex_00071,hash_920893,bridge,64,115,oracle_forced,converged_early,fast_converging,converged,5,3,0.6421376517153892,0.013760970272244544,5.337048567900804e-05,0.000779350888095622,6.817953895881873,0.0,2.047703552454761,0.06760337364360132,8.933260821980236,0.0,False,0,0,1,False,2026-05-19T02:26:10Z
opex_00072,hash_687250,mesh,57,104,standard,budget_exhausted,oscillatory,budget_exhausted,15,15,1.2379976644527375,0.3409976502957397,0.0012903536887507213,0.0008996269675949956,31.88603197025452,0.0,0.6525407521388639,0.05282205670521317,32.59139477909859,0.0,False,0,0,0,False,2026-05-19T02:26:10Z
opex_00073,hash_516998,star,78,53,retrieval_warmstart,success,oscillatory,converged,18,16,1.5280463359908443,0.028043156160238523,0.003680639977890095,0.0010507530901325568,15.981698037165806,0.0,1.1401477952753687,0.008746868591714665,17.13059270103289,0.030652502205806065,True,3,0,0,False,2026-05-19T02:26:10Z
opex_00074,hash_288161,star,38,10,standard,stagnated,oscillatory,stagnated,18,15,0.6804913613561712,0.4401503856608685,0.0008643517413526625,0.0005773490810346596,34.69716226556762,0.0,0.666834303599214,0.10834531706338835,35.472341886230225,0.0,False,0,0,0,False,2026-05-19T02:26:10Z
opex_00075,hash_761985,bridge,72,149,degraded,degraded,fast_converging,escalate,21,20,1.314396287192704,0.5806398665423771,0.0006778209425535491,0.0002839969699943705,53.53749506362557,2.946686627799779,0.7232298691011181,0.027254497958890397,57.23466605848536,0.0,False,0,1,1,True,2026-05-19T02:26:10Z
opex_00076,hash_959744,mesh,7,24,retrieval_semantic,success,stable_linear,converged,17,14,4.864194702853451,0.003023754610823689,0.00026925354349772025,7.633772255593708e-05,12.941526678063925,0.0,0.7334983454295815,0.025549253990258335,13.700574277483764,0.8288833658826095,False,0,0,0,False,2026-05-19T02:26:10Z
opex_00077,hash_746788,mesh,22,30,oracle_forced,success,fast_converging,converged,5,2,2.508658909306635,0.009983455998148453,0.0008167627540303303,0.0007763241137121937,1.1709388296957908,0.0,4.319463590293386,0.011560750078242497,5.501963170067419,0.0,False,0,0,1,False,2026-05-19T02:26:10Z
opex_00078,hash_644318,star,58,175,standard,converged_early,fast_converging,converged,5,1,1.1675444043293999,0.021573755422666895,0.0033558043078199093,4.9522229738276156e-06,2.8795294635580975,0.0,1.019209613568501,0.10621672834882555,4.004955805475424,0.0,False,0,0,0,False,2026-05-19T02:26:10Z
opex_00079,hash_048320,bridge,57,123,retrieval_semantic,success,stable_linear,converged,9,8,3.7980451325360383,0.0008859650196338143,0.0002086849373718593,0.0013124101778111367,7.123276895843478,0.0,0.26730613676333825,0.17031277187386548,7.5608958044806815,0.25530652472843185,False,0,0,0,False,2026-05-19T02:26:10Z
opex_00080,hash_529992,bridge,35,173,retrieval_semantic,converged_early,fast_converging,converged,5,2,3.2027429414580624,0.014140537295238247,0.0017535328098587817,0.0010995272580977254,3.8859261835587406,0.0,0.42859096209058,0.013675273362881019,4.328192419012201,0.6049539226905408,False,0,0,0,False,2026-05-19T02:26:10Z
opex_00081,hash_238389,ladder,73,93,standard,budget_exhausted,oscillatory,budget_exhausted,20,17,3.5041702350361312,1.482748905201727,0.0014366833688205121,0.0015985654764477755,27.012290879549653,0.0,1.7028381063858633,0.011403548132678572,28.726532534068195,0.0,False,0,0,0,False,2026-05-19T02:26:10Z
opex_00082,hash_631810,star,28,76,retrieval_semantic,success,stable_linear,converged,12,12,1.5689485889344736,0.002336052002753381,0.00025782509753304885,7.601308825538722e-05,24.10345780144134,0.0,1.103261475071069,0.053312186507420915,25.26003146301983,0.46349404380057235,False,0,0,0,False,2026-05-19T02:26:10Z
opex_00083,hash_653091,bridge,77,55,ood_escalated,success,fast_converging,converged,5,4,3.719709081946735,0.0036827179770137653,0.001728184392900373,0.0005636325043422071,10.967142898401224,0.0,0.0739482757345119,0.15967831481524955,11.200769488950986,0.0,False,0,0,1,False,2026-05-19T02:26:10Z
opex_00084,hash_755801,tree,77,11,oracle_forced,converged_early,stable_linear,converged,11,9,4.683226448398951,0.0037992157455217974,0.0008697222081565655,9.390014743779894e-05,20.646805182944163,0.0,0.5106676475851449,0.19301928549514477,21.35049211602445,0.0,False,0,0,1,False,2026-05-19T02:26:10Z
opex_00085,hash_744149,tree,11,30,retrieval_warmstart,converged_early,stable_linear,converged,16,13,2.4103734133836285,0.0004553103732011944,0.0016914543856835149,0.0004676219605330337,23.61122380999788,0.0,0.11912632492819683,0.005129367958689054,23.735479502884765,0.6379852057932976,True,7,0,0,False,2026-05-19T02:26:10Z
opex_00086,hash_803446,ladder,23,154,standard,success,fast_converging,converged,6,5,4.142884890957988,0.0072762104938499305,0.00016217071713892144,0.000551551811961412,4.412297510357034,0.0,0.26818744657269095,0.10672708949222254,4.787212046421947,0.0,False,0,0,0,False,2026-05-19T02:26:10Z
opex_00087,hash_193510,star,26,192,standard,success,stable_linear,converged,14,14,4.945034840966993,0.0007334580630766366,0.0011879175624204636,0.0005180496008103994,21.986986522396517,0.0,1.264422861419053,0.06395362876599073,23.31536301258156,0.0,False,0,0,0,False,2026-05-19T02:26:10Z
opex_00088,hash_499499,mesh,60,7,standard,converged_early,fast_converging,converged,8,4,2.835769059087217,0.00035003423188720685,0.001611222042159252,0.00026619730768420605,7.400119146045106,0.0,2.120922816489742,0.057616602020513205,9.578658564555361,0.0,False,0,0,0,False,2026-05-19T02:26:10Z
opex_00089,hash_308623,bridge,14,140,degraded,degraded,oscillatory,escalate,18,15,4.827495811796659,1.708856365479237,0.0014058353280107989,0.00018690557316995785,22.855419487695148,2.7468717965010416,1.7248849256603482,0.005061872253942911,27.332238082110482,0.0,False,0,1,1,True,2026-05-19T02:26:10Z
opex_00090,hash_267926,tree,68,109,ood_escalated,converged_early,stable_linear,converged,18,17,4.045558947315192,0.010000793472836082,0.0009377350583036828,0.0007069184341273279,15.270420876306664,0.0,0.06518836752643162,0.011258268761326533,15.346867512594422,0.0,False,0,0,1,False,2026-05-19T02:26:10Z
opex_00091,hash_073861,star,69,84,retrieval_semantic,converged_early,fast_converging,converged,8,5,4.331412309852931,0.0011691934191971594,0.002667799460588854,0.00012371277950994295,12.718121356139896,0.0,0.47904161866709716,0.11017618841216181,13.307339163219154,0.8680566901074503,False,0,0,0,False,2026-05-19T02:26:10Z
opex_00092,hash_293199,tree,56,129,standard,converged_early,fast_converging,converged,5,1,3.0786864301888217,0.013495259572654602,0.0008560505380503988,0.0006526857761091512,1.28431922798524,0.0,0.9323462964914481,0.012494539737780367,2.2291600642144687,0.0,False,0,0,0,False,2026-05-19T02:26:10Z
opex_00093,hash_707548,tree,62,195,standard,converged_early,stable_linear,converged,10,10,1.5464811126442104,0.000416719974098126,0.0014993449496125807,0.00013014860883688514,19.857268764044367,0.0,2.755915281960837,0.10941612004069966,22.7226001660459,0.0,False,0,0,0,False,2026-05-19T02:26:10Z
opex_00094,hash_693206,star,11,103,cache_hit,cache_hit,stable_linear,converged,5,0,1.3630210501633726,0.0,0.00023794676861105967,0.0006628150599670312,0.0,0.0,0.966263192125158,0.022645178101469123,0.9889083702266271,0.0,False,0,0,0,False,2026-05-19T02:26:10Z
opex_00095,hash_249062,star,52,67,cache_hit,cache_hit,fast_converging,converged,5,0,4.985135842338396,0.0,0.0016818487766767155,0.0009550820766198736,0.0,0.0,0.9778891428190236,0.04243737779397671,1.0203265206130003,0.0,False,0,0,0,False,2026-05-19T02:26:10Z
opex_00096,hash_286166,star,60,124,standard,success,stable_linear,converged,13,9,2.2418544215103386,0.01659655847184531,0.00028579087218548384,0.00014364376362523902,13.918063986538545,0.0,1.5622573089134166,0.04863142630236245,15.528952721754324,0.0,False,0,0,0,False,2026-05-19T02:26:10Z
opex_00097,hash_817052,star,40,46,retrieval_warmstart,converged_early,fast_converging,converged,10,6,4.299606872328272,0.0005161615804331191,0.0006699017356298462,0.00016257618371792447,7.870138903350899,0.0,1.3369598780247909,0.037314909664580884,9.24441369104027,0.37588828514576933,True,6,0,0,False,2026-05-19T02:26:10Z
opex_00098,hash_991120,star,62,91,oracle_forced,success,fast_converging,converged,5,2,1.6387629476035306,0.007597310214605655,0.0017437249958278595,0.0006840925050644968,2.9317445492415777,0.0,0.5980632671151219,0.017871527895648175,3.5476793442523475,0.0,False,0,0,1,False,2026-05-19T02:26:10Z
opex_00099,hash_758994,star,9,32,retrieval_warmstart,success,oscillatory,converged,19,17,3.4656599039165634,0.008100739251299633,0.00011134229750932998,3.6218924748502814e-05,30.114619801522085,0.0,0.49036182862338745,0.0359899046480456,30.64097153479352,0.991588408870274,True,6,0,0,False,2026-05-19T02:26:10Z
opex_00100,hash_975217,mesh,12,153,retrieval_warmstart,success,fast_converging,converged,5,4,4.891958823194566,0.005503327946936278,1.0482448794188611e-05,0.0002949262276795998,4.607132999199165,0.0,0.07176919292372053,0.16572740773272104,4.844629599855606,0.47825529457592375,True,9,0,0,False,2026-05-19T02:26:10Z
opex_00101,hash_252791,tree,23,126,retrieval_warmstart,converged_early,retrieval_assisted,converged,5,5,2.1919680047359016,0.003993560146107868,0.000492090230189031,0.0001787485094952626,5.922391343926332,0.0,2.635509091942616,0.0613478529852843,8.619248288854232,0.49604783867988655,True,3,0,0,False,2026-05-19T02:26:10Z
opex_00102,hash_544855,ladder,46,26,retrieval_warmstart,converged_early,stable_linear,converged,16,14,1.7119908423591128,0.003877822582532093,0.001301759028345342,0.00011422604822073463,30.985430564055566,0.0,0.09636871633754078,0.17280605115268421,31.25460533154579,0.4883941300649396,True,9,0,0,False,2026-05-19T02:26:10Z
opex_00103,hash_475584,mesh,6,108,standard,success,oscillatory,converged,21,18,3.363311092906616,0.00715900189792763,0.0001744386704891238,0.000619074518666376,9.419922892219198,0.0,0.2832636673578669,0.0698156842805643,9.77300224385763,0.0,False,0,0,0,False,2026-05-19T02:26:10Z
opex_00104,hash_145016,mesh,36,185,ood_escalated,stagnated,stalled,stagnated,16,16,2.1886695699919985,1.1282115968376962,0.0007426718729541364,0.0018841892229087506,41.5985592112873,0.0,1.7878499374983945,0.005554645687878504,43.391963794473575,0.0,False,0,0,1,False,2026-05-19T02:26:10Z
opex_00105,hash_643942,ladder,23,42,standard,stagnated,oscillatory,stagnated,22,19,2.2341914737131283,1.2452178418910669,0.0015159465499815002,0.00024488966551447955,16.046587710063683,0.0,1.087796998832984,0.005094082636177511,17.139478791532845,0.0,False,0,0,0,False,2026-05-19T02:26:10Z
opex_00106,hash_068926,tree,24,156,retrieval_warmstart,success,stable_linear,converged,17,13,3.1099270434265907,0.004121801603014403,0.000822481893100684,0.0009250481327074117,28.485207959856773,0.0,1.6346993101159928,0.020723259306312466,30.140630529279075,0.8250494101800621,True,3,0,0,False,2026-05-19T02:26:10Z
opex_00107,hash_438469,star,6,152,standard,converged_early,retrieval_assisted,converged,5,2,2.171399008428706,0.0003229178208792663,0.001616295954233655,0.001454952391408028,4.668079150211563,0.0,0.3558802747603489,0.014526562672026525,5.038485987643938,0.0,False,0,0,0,False,2026-05-19T02:26:10Z
opex_00108,hash_657456,mesh,23,78,standard,converged_early,retrieval_assisted,converged,12,10,1.8442650811494787,0.014123980180792615,0.00030015521820059434,0.0005615170164185904,26.81825626211505,0.0,1.8447398709821283,0.0152959756345281,28.678292108731707,0.0,False,0,0,0,False,2026-05-19T02:26:10Z
opex_00109,hash_148087,star,12,84,standard,success,stable_linear,converged,7,7,4.804765794875561,0.0003572545375426614,5.874702682483746e-05,0.000331546293594864,8.079849465378356,0.0,0.28366189629572724,0.12335862371081548,8.4868699853849,0.0,False,0,0,0,False,2026-05-19T02:26:10Z
opex_00110,hash_251351,bridge,17,180,standard,success,fast_converging,converged,5,1,2.0566420137576245,0.0018930657606790761,0.0014777858366643725,9.038937866843591e-05,1.0919607732784635,0.0,1.318444074329833,0.044739130341143483,2.4551439779494397,0.0,False,0,0,0,False,2026-05-19T02:26:10Z
opex_00111,hash_553343,star,14,193,cache_hit,cache_hit,stable_linear,converged,5,0,1.654385280999115,0.0,0.0010618212598300317,0.00022076841513427964,0.0,0.0,0.6234951681723219,0.18378705654540578,0.8072822247177276,0.0,False,0,0,0,False,2026-05-19T02:26:10Z
opex_00112,hash_460385,ladder,72,102,cache_hit,cache_hit,oscillatory,converged,5,0,4.9123256990049775,0.0,0.00025800611961163773,0.0005174774923482576,0.0,0.0,1.568775875282431,0.04479651289116854,1.6135723881735995,0.0,False,0,0,0,False,2026-05-19T02:26:10Z
opex_00113,hash_326022,ladder,23,24,ood_escalated,converged_early,fast_converging,converged,5,2,0.7802289764684853,0.003592352109670177,0.0016419797883681325,0.0006147794951322301,1.2597828877713422,0.0,1.543080106811237,0.016242486684293702,2.819105481266873,0.0,False,0,0,1,False,2026-05-19T02:26:10Z
opex_00114,hash_174023,bridge,46,101,retrieval_semantic,budget_exhausted,oscillatory,budget_exhausted,20,17,4.417602912707031,0.8637230268477,0.0006000928964322931,0.004199015724929951,41.31053024317459,0.0,0.027543278636881524,0.008371379390955527,41.34644490120243,0.46393137681233276,False,0,0,0,False,2026-05-19T02:26:10Z
opex_00115,hash_871877,bridge,14,134,standard,success,fast_converging,converged,10,7,1.7439876076252823,0.0018723699267944427,0.0010291085891587976,0.0002179580351065772,19.196763782411853,0.0,0.7343661773158988,0.03467440901355586,19.965804368741306,0.0,False,0,0,0,False,2026-05-19T02:26:10Z
opex_00116,hash_372598,mesh,18,133,retrieval_semantic,stagnated,stalled,stagnated,20,16,3.796858556153748,2.385000510219612,0.0003756568148813305,0.0016024288949991364,46.710235084135554,0.0,1.9440294711648012,0.01125798314369817,48.66552253844406,0.7397303320855406,False,0,0,0,False,2026-05-19T02:26:10Z
opex_00117,hash_442632,star,52,138,degraded,degraded,oscillatory,escalate,26,24,3.5908744895376308,0.4927117691851982,2.980391615496948e-05,0.0017313708068515455,24.58517686102088,2.3823393975747873,3.629003911890568,0.0255369873691718,30.622057157855405,0.0,False,0,1,1,True,2026-05-19T02:26:10Z
opex_00118,hash_343701,mesh,19,73,standard,success,retrieval_assisted,converged,8,8,1.5794335074017511,0.0007655926703041757,0.0004276208615560562,0.0005984753479202122,18.976526739266127,0.0,1.0531063255355015,0.05350153076744655,20.083134595569074,0.0,False,0,0,0,False,2026-05-19T02:26:10Z
opex_00119,hash_989410,tree,59,121,ood_escalated,converged_early,retrieval_assisted,converged,5,3,4.26668506359323,0.0016374956968937366,0.0010296887677502349,0.0011846623684296387,5.344910648587897,0.0,0.3642905501889821,0.016953763008234292,5.726154961785113,0.0,False,0,0,1,False,2026-05-19T02:26:10Z
opex_00120,hash_464894,star,27,172,standard,escalated,divergence_risk,escalate,23,21,0.5008477980046185,0.4599569556441388,0.0004939019527466683,0.00047723435343741263,22.40334510348431,2.4031954478595265,0.13793962260918438,0.031616180355934845,24.976096354308957,0.0,False,0,1,1,False,2026-05-19T02:26:10Z
opex_00121,hash_125149,bridge,43,72,oracle_forced,converged_early,fast_converging,converged,13,13,1.5885222271647754,6.24080423751401e-05,0.000632556376660282,0.00035848409483719447,25.94661823967716,0.0,0.3527367199452367,0.022827969781233706,26.32218292940363,0.0,False,0,0,1,False,2026-05-19T02:26:10Z
opex_00122,hash_802720,tree,75,193,standard,stagnated,oscillatory,stagnated,21,18,3.1226307578757035,2.1801427496036623,0.0019358337438357689,0.0007369855720088178,11.863840917898905,0.0,1.7800691543267393,0.05068701287718527,13.69459708510283,0.0,False,0,0,0,False,2026-05-19T02:26:10Z
opex_00123,hash_763429,ladder,22,161,standard,budget_exhausted,stalled,budget_exhausted,31,28,4.598044607458128,1.3139983556862866,0.0001479476954617792,0.0004167521170992629,25.53772727427334,0.0,0.18703092233736662,0.1529298406625026,25.87768803727321,0.0,False,0,0,0,False,2026-05-19T02:26:10Z
opex_00124,hash_291077,mesh,29,140,retrieval_warmstart,budget_exhausted,stable_linear,budget_exhausted,12,9,4.777389736637915,1.6255566699152848,0.001360992826356592,0.0007057584888556773,18.767340705967456,0.0,0.07357357849613004,0.019677736194256955,18.860592020657844,0.3618530932051387,True,6,0,0,False,2026-05-19T02:26:10Z
opex_00125,hash_851765,mesh,11,92,retrieval_warmstart,converged_early,retrieval_assisted,converged,5,2,0.5344881469215139,0.0012363411843371531,3.7412565838195825e-05,0.00011431801916276622,2.694303246693758,0.0,1.6224506094256461,0.04743728712956564,4.36419114324897,0.5126677259564164,True,5,0,0,False,2026-05-19T02:26:10Z
opex_00126,hash_203196,star,35,49,retrieval_warmstart,stagnated,stalled,stagnated,20,18,0.701841056106059,0.3370513119043635,0.0026511033146683874,0.00018056782269038134,26.544255882369484,0.0,1.3088160791406087,0.11196321059757962,27.965035172107672,0.6709430047425079,True,7,0,0,False,2026-05-19T02:26:10Z
opex_00127,hash_750704,bridge,78,126,oracle_forced,budget_exhausted,stalled,budget_exhausted,9,8,1.6551240273952064,0.605968780027577,0.0016112138836548455,0.0010866773336118182,5.845695841465145,0.0,0.9071365566320612,0.04487914583370468,6.797711543930911,0.0,False,0,0,1,False,2026-05-19T02:26:10Z
opex_00128,hash_161445,mesh,5,148,retrieval_semantic,budget_exhausted,divergence_risk,budget_exhausted,23,19,0.5455903281248452,0.19337817308428407,0.0024451508595398127,0.0009482290438928432,51.0006831896514,0.0,1.2872567929071608,0.011423406851299854,52.299363389409855,0.9024533072858417,False,0,0,0,False,2026-05-19T02:26:10Z
opex_00129,hash_796948,bridge,56,111,cache_hit,cache_hit,stable_linear,converged,5,0,4.595605865519604,0.0,0.001650377777997504,0.00024341177737457497,0.0,0.0,1.6967577145739385,0.008488116664419995,1.7052458312383585,0.0,False,0,0,0,False,2026-05-19T02:26:10Z
opex_00130,hash_469924,bridge,9,169,ood_escalated,success,fast_converging,converged,8,6,3.1198943596735123,0.0023194909148629497,0.0009189797610752634,0.001222767872369461,13.326075277382053,0.0,0.4692885042407799,0.014127691290240819,13.809491472913074,0.0,False,0,0,1,False,2026-05-19T02:26:10Z
opex_00131,hash_179587,ladder,52,73,retrieval_semantic,converged_early,fast_converging,converged,5,2,2.343330027028544,0.0018641486276414166,0.0011304765231587015,0.0009308442460058356,2.8229686409876997,0.0,0.24576314922424827,0.2262925154682265,3.2950243056801747,0.45400162119611487,False,0,0,0,False,2026-05-19T02:26:10Z
opex_00132,hash_154245,mesh,70,22,standard,converged_early,fast_converging,converged,5,3,1.1617783275496478,0.0033457003284195303,0.00013931699126839553,0.001804724572420895,4.277977397064799,0.0,0.4696893870758526,0.03712331438849882,4.78479009852915,0.0,False,0,0,0,False,2026-05-19T02:26:10Z
opex_00133,hash_187954,tree,48,131,standard,success,fast_converging,converged,5,3,2.9917016841110504,0.0039012089404475638,0.0014350721383064957,0.0017936610477084535,4.803310127343181,0.0,0.36001372482894667,0.020010335452106866,5.183334187624235,0.0,False,0,0,0,False,2026-05-19T02:26:10Z
opex_00134,hash_150023,tree,30,9,retrieval_warmstart,stagnated,stalled,stagnated,24,23,2.7000402430660313,1.2439396451508014,0.005091041263942461,0.0021228900002467966,47.345842594167806,0.0,0.8425231203811369,0.05346618216599771,48.24183189671494,0.20131210782243325,True,7,0,0,False,2026-05-19T02:26:10Z
opex_00135,hash_160761,ladder,14,74,standard,budget_exhausted,divergence_risk,budget_exhausted,15,11,2.56309891056166,0.2952500924520269,0.0013698701346968362,0.0007970032271728015,7.087878926402279,0.0,1.1417992430040995,0.036441253882379315,8.266119423288758,0.0,False,0,0,0,False,2026-05-19T02:26:10Z
opex_00136,hash_724698,ladder,53,179,oracle_forced,converged_early,stable_linear,converged,13,13,3.032202645600526,0.002910030446243842,0.0009307835044382254,0.0025100362983231112,18.273712830704213,0.0,1.2935929018698669,0.11742973644007522,19.684735469014157,0.0,False,0,0,1,False,2026-05-19T02:26:10Z
opex_00137,hash_543625,tree,44,68,standard,success,stable_linear,converged,14,10,4.871898690757649,0.0012470878537481512,0.00132437086589401,0.0014379936102924633,28.23143495018073,0.0,0.031025818590198963,0.10780513652526325,28.370265905296193,0.0,False,0,0,0,False,2026-05-19T02:26:10Z
opex_00138,hash_120356,star,15,140,retrieval_semantic,budget_exhausted,stalled,budget_exhausted,17,15,4.990193850568902,1.8500071784537835,0.00176299301643837,0.0003490177585049206,8.036822912514749,0.0,1.3389128784347004,0.09483194682467005,9.470567737774118,0.7404761319535191,False,0,0,0,False,2026-05-19T02:26:10Z
opex_00139,hash_159292,star,18,70,standard,budget_exhausted,stalled,budget_exhausted,27,24,2.3319792010653244,0.2947713535467753,0.0004289699972993807,0.00011765590487807251,60.49411260055332,0.0,2.9505299850619986,0.008753231686622788,63.453395817301946,0.0,False,0,0,0,False,2026-05-19T02:26:10Z
opex_00140,hash_814886,ladder,67,149,standard,stagnated,oscillatory,stagnated,19,16,4.385303450856508,2.019530512401036,0.00034603897982755905,0.0001652633855621458,18.646720500621498,0.0,0.02227313613990822,0.04876433679059314,18.717757973552,0.0,False,0,0,0,False,2026-05-19T02:26:10Z
opex_00141,hash_857558,ladder,10,16,retrieval_warmstart,converged_early,fast_converging,converged,5,2,3.3669087668640723,0.0037356779949128194,0.0006220788688922203,0.0002674265304504811,2.5159702973052305,0.0,0.3424482238374497,0.0464241735893005,2.9048426947319803,0.11995369302388992,True,5,0,0,False,2026-05-19T02:26:10Z
opex_00142,hash_080811,bridge,66,161,cache_hit,cache_hit,stable_linear,converged,5,0,0.7108335883742141,0.0,0.0003231981099097797,0.001227502425593323,0.0,0.0,1.8284555642147864,0.005191361859819803,1.8336469260746062,0.0,False,0,0,0,False,2026-05-19T02:26:10Z
opex_00143,hash_755612,tree,35,64,cache_hit,cache_hit,stable_linear,converged,5,0,2.4007303498293764,0.0,0.00047371235632997854,0.0027539028589851538,0.0,0.0,0.123323874307332,0.007160604364569147,0.13048447867190113,0.0,False,0,0,0,False,2026-05-19T02:26:10Z
opex_00144,hash_853284,mesh,44,149,standard,budget_exhausted,oscillatory,budget_exhausted,10,10,1.7529773371269555,0.2661725354816976,0.0011273458665714703,0.002882087662499811,11.724200789884648,0.0,0.6451318076067222,0.055302531362459655,12.42463512885383,0.0,False,0,0,0,False,2026-05-19T02:26:10Z
opex_00145,hash_545096,star,40,58,standard,success,stable_linear,converged,17,15,2.1641596519422945,0.0002688767036804891,0.0014591559716130497,0.0005387184226637699,38.33174575561588,0.0,1.8994426877388573,0.016912482217703126,40.24810092557244,0.0,False,0,0,0,False,2026-05-19T02:26:10Z
opex_00146,hash_288816,ladder,56,142,standard,success,oscillatory,converged,25,22,0.7348938307023724,0.005731568848210152,0.0006314015709106808,0.0008655388155202154,15.693773506637868,0.0,0.043959151784344314,0.05996062251909463,15.797693280941306,0.0,False,0,0,0,False,2026-05-19T02:26:10Z
opex_00147,hash_438080,star,30,20,retrieval_warmstart,budget_exhausted,stalled,budget_exhausted,21,19,2.71789063001351,0.7113151893511667,0.0007570196375133226,0.0009041933879635167,9.971381503572193,0.0,0.6237986699666189,0.17052111105048193,10.765701284589293,0.5190322801295487,True,8,0,0,False,2026-05-19T02:26:10Z
opex_00148,hash_675453,ladder,14,20,standard,converged_early,retrieval_assisted,converged,5,1,1.0409325310425932,0.0015433903217401744,1.7708232706465002e-05,0.0003471612158516566,2.4328546847966788,0.0,0.72972927557207,0.02639286715466708,3.188976827523416,0.0,False,0,0,0,False,2026-05-19T02:26:10Z
opex_00149,hash_760278,mesh,46,8,standard,converged_early,stable_linear,converged,14,10,2.2910238182952627,0.0018042448499115652,6.795219063427086e-05,0.0002590756504330275,11.165090874450616,0.0,0.661797884559367,0.07380619413033579,11.900694953140318,0.0,False,0,0,0,False,2026-05-19T02:26:10Z
opex_00150,hash_023091,bridge,56,192,degraded,degraded,fast_converging,escalate,34,32,3.102342797391623,0.492605761169618,0.0016666633458146543,0.001010476988217397,47.05325649015964,5.60628828533534,0.3009766945987171,0.026170676724698146,52.98669214681839,0.0,False,0,1,1,True,2026-05-19T02:26:10Z
opex_00151,hash_289220,ladder,8,42,standard,budget_exhausted,oscillatory,budget_exhausted,9,9,2.5145304143468823,0.38650832002495417,0.003168518343315222,0.0007542988546284627,9.942599117540007,0.0,0.6943550520525156,0.06191242631366281,10.698866595906185,0.0,False,0,0,0,False,2026-05-19T02:26:10Z
opex_00152,hash_338365,bridge,78,143,standard,success,fast_converging,converged,8,6,2.263362333840855,0.005381032387537204,0.00011529112128425958,0.001012082306101909,10.473540007489095,0.0,0.5220114019676628,0.15790168752790903,11.153453096984668,0.0,False,0,0,0,False,2026-05-19T02:26:10Z
opex_00153,hash_216204,star,10,100,ood_escalated,converged_early,stable_linear,converged,8,5,4.066678023297725,0.011924336194756286,0.0028770890358924958,0.0032222716944481987,9.018245484018399,0.0,3.785738784859356,0.07579856118620869,12.879782830063965,0.0,False,0,0,1,False,2026-05-19T02:26:10Z
opex_00154,hash_151094,tree,74,180,retrieval_warmstart,success,stable_linear,converged,16,13,0.5544640254924834,4.5397819254521427e-05,0.00044165619182010674,0.002606316177052402,13.931995337117286,0.0,1.00611612505522,0.017556313986525487,14.95566777615903,0.3216699896595486,True,4,0,0,False,2026-05-19T02:26:10Z
opex_00155,hash_937562,mesh,19,22,retrieval_warmstart,converged_early,fast_converging,converged,5,3,4.7968114686731065,0.003412769337679864,0.0007189168810171388,0.0006569104154853704,6.26582734244642,0.0,0.09510407350411179,0.006658088597022022,6.367589504547555,0.05770292841589886,True,9,0,0,False,2026-05-19T02:26:10Z
opex_00156,hash_157608,star,70,143,retrieval_warmstart,budget_exhausted,stable_linear,budget_exhausted,10,9,4.6320758900394665,0.6518325431270554,0.0007051345584098177,0.0002495552688905251,5.375924174827517,0.0,0.0366835056113271,0.014632037172916345,5.42723971761176,0.8667703545060003,True,7,0,0,False,2026-05-19T02:26:10Z
opex_00157,hash_486904,mesh,70,126,ood_escalated,success,fast_converging,converged,9,6,2.7389293346574597,0.0011450543335802255,0.0008943587635739941,0.0002059618774743308,7.973470486007907,0.0,1.931229845290355,0.016601382995655153,9.921301714293916,0.0,False,0,0,1,False,2026-05-19T02:26:10Z
opex_00158,hash_049976,mesh,62,58,standard,budget_exhausted,stable_linear,budget_exhausted,10,9,4.441473875826757,1.401897136613673,0.00033194390194044374,0.0005537821611877682,5.345349533975416,0.0,0.136813115846664,0.07752495367560702,5.559687603497687,0.0,False,0,0,0,False,2026-05-19T02:26:10Z
opex_00159,hash_051001,star,52,34,standard,converged_early,fast_converging,converged,5,2,0.7335542461428906,0.0010605155438972028,0.0003711862082342653,0.0013157417232076832,4.203177964012933,0.0,0.5377582469685872,0.07616222207135144,4.817098433052871,0.0,False,0,0,0,False,2026-05-19T02:26:10Z
opex_00160,hash_396489,star,34,191,standard,budget_exhausted,stalled,budget_exhausted,18,15,4.931862812431142,1.9811258585498988,0.0004995481228836644,0.000893155023299958,32.28803453427451,0.0,0.08170455545483112,0.04431764431762052,32.414056734046966,0.0,False,0,0,0,False,2026-05-19T02:26:10Z
opex_00161,hash_357246,bridge,68,108,standard,success,stable_linear,converged,21,18,3.3447177463390583,0.0006959734070311077,0.0008211889770692557,0.0015174598835421282,40.88203638717588,0.0,0.18884989525327303,0.18453321859064487,41.255419501019794,0.0,False,0,0,0,False,2026-05-19T02:26:10Z
opex_00162,hash_708672,mesh,69,19,standard,converged_early,fast_converging,converged,5,1,1.460270065890603,0.005470306215596158,0.00017117544216753411,0.00012655508792743043,2.4117978536906977,0.0,1.1118655783847757,0.03357517779151861,3.557238609866992,0.0,False,0,0,0,False,2026-05-19T02:26:10Z
opex_00163,hash_890023,tree,67,31,standard,success,oscillatory,converged,16,15,3.2716036205452452,0.009266411620272834,0.00010260246218739599,0.0008186664908935107,26.29079550983239,0.0,1.2248328125277421,0.043209667061620265,27.55883798942175,0.0,False,0,0,0,False,2026-05-19T02:26:10Z
opex_00164,hash_913858,star,18,87,oracle_forced,stagnated,oscillatory,stagnated,27,24,3.5471858560595315,1.9509936322201964,0.0003806012886153164,0.0016950545441607055,42.09092768878403,0.0,0.07352983642008781,0.023761091148861185,42.18821861635298,0.0,False,0,0,1,False,2026-05-19T02:26:10Z
opex_00165,hash_263031,mesh,61,37,cache_hit,cache_hit,oscillatory,converged,5,0,1.3614245622479413,0.0,0.0005304425510818733,0.002733282348736459,0.0,0.0,2.1036071684272875,0.05150741107228486,2.1551145794995725,0.0,False,0,0,0,False,2026-05-19T02:26:10Z
opex_00166,hash_842065,bridge,65,109,ood_escalated,stagnated,oscillatory,stagnated,17,14,3.5216561690024313,1.9471689894639843,0.0002218845179287726,0.0005418586455108922,33.28289294271614,0.0,0.10688712205436364,0.02127631248216475,33.41105637725267,0.0,False,0,0,1,False,2026-05-19T02:26:10Z
opex_00167,hash_290374,ladder,5,14,cache_hit,cache_hit,stable_linear,converged,5,0,4.905308781684968,0.0,0.0008107949296061603,0.00021049303628646498,0.0,0.0,0.22870973122828228,0.04166766229168721,0.2703773935199695,0.0,False,0,0,0,False,2026-05-19T02:26:10Z
opex_00168,hash_737090,bridge,8,31,standard,success,fast_converging,converged,9,6,1.8378085563830013,0.0004829233816040338,0.0009139050477588241,0.0009772324713005838,12.727572301780322,0.0,0.31115819666956596,0.0057613006942445555,13.044491799144133,0.0,False,0,0,0,False,2026-05-19T02:26:10Z
opex_00169,hash_361719,bridge,24,104,ood_escalated,budget_exhausted,oscillatory,budget_exhausted,20,16,1.2833675389014316,0.18843225687873053,0.000596174283855719,0.0009474154978088236,16.523400347392325,0.0,2.7978178525919395,0.005335227730236308,19.3265534277145,0.0,False,0,0,1,False,2026-05-19T02:26:10Z
opex_00170,hash_090009,bridge,21,96,retrieval_semantic,converged_early,fast_converging,converged,7,5,2.4511225668467644,0.00048599997869305,0.001379852552895761,0.002459808232896316,7.925262158859486,0.0,0.29936558249531925,0.033493701626667274,8.258121442981473,0.723447817850001,False,0,0,0,False,2026-05-19T02:26:10Z
opex_00171,hash_289730,ladder,64,62,standard,stagnated,oscillatory,stagnated,18,15,0.5618549930510537,0.22437707473296442,0.00024131577425847266,0.0003158159142692778,16.78349138549574,0.0,0.0645665703233147,0.035711302767106774,16.883769258586163,0.0,False,0,0,0,False,2026-05-19T02:26:10Z
opex_00172,hash_143927,ladder,61,89,standard,success,fast_converging,converged,9,9,4.643449738085108,0.004390748556865409,0.0007729091380348863,0.00031314144858586384,12.790100698123025,0.0,2.2570964600590058,0.05990008088730326,15.107097239069333,0.0,False,0,0,0,False,2026-05-19T02:26:10Z
opex_00173,hash_138368,bridge,57,7,standard,converged_early,fast_converging,converged,6,4,3.1948043003574753,0.0011225895230426214,0.0008921657416945484,0.0005236286639938573,6.6952554204386265,0.0,0.028719766964854676,0.016787974274881424,6.7407631616783625,0.0,False,0,0,0,False,2026-05-19T02:26:10Z
opex_00174,hash_821530,bridge,58,27,ood_escalated,diverged,divergence_risk,divergence,14,10,3.860494877901731,9.531849624186847,0.08757545187731575,0.029547693648711022,25.146113315445827,0.0,0.007996290027965754,0.13422158151865476,25.288331186992448,0.0,False,0,0,1,False,2026-05-19T02:26:10Z
opex_00175,hash_493992,ladder,7,174,retrieval_semantic,success,stable_linear,converged,13,12,2.180840796048594,0.0015838297161711282,0.0002636838020505637,0.000383618927295854,33.10675330297591,0.0,0.0808205174102971,0.09326696176092548,33.28084078214713,0.34889007504182357,False,0,0,0,False,2026-05-19T02:26:10Z
opex_00176,hash_539243,ladder,20,98,retrieval_semantic,converged_early,stable_linear,converged,13,9,2.349921239961979,0.006399398102045345,0.00048581374055620585,0.0006721226510133554,14.166193322978177,0.0,1.3494848174792562,0.10437864530986822,15.620056785767302,0.5318890790075141,False,0,0,0,False,2026-05-19T02:26:10Z
opex_00177,hash_698730,ladder,11,179,retrieval_semantic,converged_early,stable_linear,converged,7,7,1.4535244869804909,0.0018625881438859102,0.0001826388921204855,0.0002793561394587876,8.183013980079881,0.0,0.4089820348098246,0.07419295699420797,8.666188971883914,0.5719122038506007,False,0,0,0,False,2026-05-19T02:26:10Z
opex_00178,hash_207772,ladder,41,132,ood_escalated,converged_early,stable_linear,converged,13,12,2.3538114276534587,0.010221413266333093,0.00099809456772371,0.000760364628507229,9.461839265367521,0.0,0.9304857291327358,0.011233051440267388,10.403558045940525,0.0,False,0,0,1,False,2026-05-19T02:26:10Z
opex_00179,hash_465525,bridge,73,161,standard,converged_early,fast_converging,converged,9,9,3.790924338664833,0.005974659303075237,0.0013969036170667414,0.0006255918052702939,24.168840348533084,0.0,0.2274483978042492,0.011813122557197922,24.40810186889453,0.0,False,0,0,0,False,2026-05-19T02:26:10Z
opex_00180,hash_751731,mesh,59,53,standard,budget_exhausted,stable_linear,budget_exhausted,12,10,1.763968843338097,0.32312829975801244,4.289229122046186e-05,0.0006525045747647974,9.543082330703912,0.0,1.3589965192594975,0.0991700210862913,11.0012488710497,0.0,False,0,0,0,False,2026-05-19T02:26:10Z
opex_00181,hash_295809,star,64,53,ood_escalated,converged_early,stable_linear,converged,21,19,3.6798541856041838,0.0023458630729145764,0.000461213470587791,4.637831791923509e-05,26.12238462765789,0.0,2.6491456779779257,0.028839452888682678,28.8003697585245,0.0,False,0,0,1,False,2026-05-19T02:26:10Z
opex_00182,hash_806608,ladder,66,48,cache_hit,cache_hit,stalled,converged,5,0,3.9493177228966307,0.0,0.0008763817645917181,0.0015230766420252808,0.0,0.0,1.624562067851931,0.04149139501754388,1.666053462869475,0.0,False,0,0,0,False,2026-05-19T02:26:10Z
opex_00183,hash_969231,star,10,108,retrieval_semantic,stagnated,oscillatory,stagnated,14,12,2.4492340009182487,1.4933495835035244,0.0019145032348178938,0.0007801143800892532,28.748018761681777,0.0,0.3665875016860499,0.03180471142582344,29.14641097479365,0.712777676216831,False,0,0,0,False,2026-05-19T02:26:10Z
opex_00184,hash_809020,mesh,3,177,retrieval_warmstart,success,stable_linear,converged,13,12,2.2225944399637454,0.00862511220560803,0.0010773717798567642,0.0015908195672083229,14.158381182553462,0.0,1.1788215082024154,0.020330469106684044,15.35753315986256,0.9390684794502916,True,8,0,0,False,2026-05-19T02:26:10Z
opex_00185,hash_894468,tree,62,124,ood_escalated,success,fast_converging,converged,9,6,2.157562462074581,0.0028312179982064277,3.164454146130381e-05,0.00030053289067824747,3.50514605811696,0.0,2.1135012239367894,0.01894580914974728,5.637593091203497,0.0,False,0,0,1,False,2026-05-19T02:26:10Z
opex_00186,hash_958762,bridge,63,35,standard,success,stable_linear,converged,14,10,4.214370488557766,0.00931750245926015,0.0002863612599209348,0.0008596797985106655,6.681397849184196,0.0,0.09972966184805468,0.3452875609944641,7.126415072026715,0.0,False,0,0,0,False,2026-05-19T02:26:10Z
opex_00187,hash_507235,mesh,34,187,standard,budget_exhausted,stalled,budget_exhausted,16,14,0.5616434768401155,0.07418686825173632,0.0003742519007094613,1.586814877341998e-05,7.600242367031935,0.0,2.4841465584395643,0.06623573899381803,10.150624664465317,0.0,False,0,0,0,False,2026-05-19T02:26:10Z
opex_00188,hash_637999,mesh,26,143,cache_hit,cache_hit,divergence_risk,converged,5,0,0.8119774867449414,0.0,0.0010170016287594508,0.0013205201773342794,0.0,0.0,0.149005348660481,0.04823714344882249,0.1972424921093035,0.0,False,0,0,0,False,2026-05-19T02:26:10Z
opex_00189,hash_543576,bridge,56,154,retrieval_semantic,success,stable_linear,converged,15,13,4.247743558410841,0.002250466392609303,0.0019924672548865567,0.00011660492462804158,36.56403319864797,0.0,0.9987041006951102,0.007796292433328182,37.5705335917764,0.6442567236508115,False,0,0,0,False,2026-05-19T02:26:10Z
opex_00190,hash_659987,mesh,40,135,standard,budget_exhausted,stalled,budget_exhausted,22,18,4.7693497781737,0.592553379083907,0.001156438486960844,2.5283164604950125e-05,16.71453795197442,0.0,0.6043655379407421,0.03533677309006522,17.354240263005227,0.0,False,0,0,0,False,2026-05-19T02:26:10Z
opex_00191,hash_444755,tree,57,148,standard,budget_exhausted,stable_linear,budget_exhausted,8,7,3.832541254667795,0.5287503320961074,0.0009016060331982623,0.0012128124452795948,4.664233143689967,0.0,0.26239731511814907,0.12865220381489673,5.0552826626230125,0.0,False,0,0,0,False,2026-05-19T02:26:10Z
opex_00192,hash_407931,mesh,55,123,retrieval_warmstart,budget_exhausted,stalled,budget_exhausted,28,28,4.987570549566212,0.5586597829174202,0.002276584709479032,0.0009745305544575631,82.1367833415375,0.0,0.6255063220133938,0.09899280356643364,82.86128246711732,0.06239406859827723,True,6,0,0,False,2026-05-19T02:26:10Z
opex_00193,hash_843556,tree,42,76,standard,budget_exhausted,stalled,budget_exhausted,32,29,1.2565315777968313,0.3643695120832774,5.6805850901948933e-05,0.002853945495625741,19.924537376635545,0.0,0.5770664200642867,0.04273849901016347,20.544342295709995,0.0,False,0,0,0,False,2026-05-19T02:26:10Z
opex_00194,hash_540023,tree,24,134,retrieval_warmstart,stagnated,oscillatory,stagnated,17,14,2.0989388681324948,1.1955507165890509,6.460768856366412e-05,0.00023636423527484152,35.315827410208676,0.0,0.15890420412443287,0.02597656472337796,35.50070817905649,0.8646589218581401,True,9,0,0,False,2026-05-19T02:26:10Z
opex_00195,hash_770824,mesh,24,145,standard,stagnated,stalled,stagnated,17,14,2.6952544334480564,0.8972742687375478,0.0006154161715059916,0.0003659513629547137,35.7833423914874,0.0,0.05866643774561698,0.03211644018475361,35.87412526941777,0.0,False,0,0,0,False,2026-05-19T02:26:10Z
opex_00196,hash_530875,ladder,73,52,standard,stagnated,oscillatory,stagnated,15,15,4.731886432853361,1.4495153110145929,0.000739736066600744,0.0006365161341753276,32.1020633240889,0.0,0.8200238609023919,0.06308385889992604,32.985171043891214,0.0,False,0,0,0,False,2026-05-19T02:26:10Z
opex_00197,hash_388227,bridge,41,76,cache_hit,cache_hit,oscillatory,converged,5,0,4.7815017154839135,0.0,0.0001929679822509712,0.0008386986813733884,0.0,0.0,0.672608475314532,0.05674600686113209,0.7293544821756641,0.0,False,0,0,0,False,2026-05-19T02:26:10Z
opex_00198,hash_748425,ladder,5,191,standard,converged_early,fast_converging,converged,5,3,4.564358504754931,0.004629824158984008,0.0008594710033267628,0.0008181798065136337,4.283771370146486,0.0,1.5401129125771431,0.019571015482483422,5.843455298206113,0.0,False,0,0,0,False,2026-05-19T02:26:10Z
opex_00199,hash_092876,tree,56,168,standard,stagnated,stalled,stagnated,26,22,4.433322979873333,1.7727421361796685,0.00030550305576649054,6.536043140703691e-07,58.886796876903475,0.0,1.5730809748645833,0.05435295559612934,60.514230807364186,0.0,False,0,0,0,False,2026-05-19T02:26:10Z
opex_00200,hash_489709,ladder,15,175,standard,converged_early,fast_converging,converged,9,9,3.6611975371481096,0.004775855007595904,0.0014288858856789958,0.0007193313427458439,20.34187360473013,0.0,2.7360190079809104,0.02856462424085502,23.106457236951893,0.0,False,0,0,0,False,2026-05-19T02:26:10Z
opex_00201,hash_806124,star,59,140,standard,converged_early,fast_converging,converged,6,6,2.47180375961755,0.009137360039524067,0.00017516274400455951,2.528874391132039e-05,9.73558151895189,0.0,0.27112464860387325,0.007544372697534939,10.014250540253297,0.0,False,0,0,0,False,2026-05-19T02:26:10Z
opex_00202,hash_332597,mesh,74,181,retrieval_warmstart,success,stable_linear,converged,15,15,1.4485165220960972,0.004064793676890585,0.0019413742710592482,0.0018022095543950313,42.275819271986144,0.0,0.4555262296539482,0.024139915540265615,42.75548541718036,0.7494260059808087,True,5,0,0,False,2026-05-19T02:26:10Z
opex_00203,hash_732835,mesh,60,17,ood_escalated,converged_early,fast_converging,converged,5,3,1.3653945321513237,0.0017524316762252577,0.0009665738181278149,0.0009153600862090057,5.297477320157008,0.0,0.43141888752587987,0.1270527213028814,5.85594892898577,0.0,False,0,0,1,False,2026-05-19T02:26:10Z
opex_00204,hash_135639,tree,6,170,standard,success,stable_linear,converged,12,10,1.1401485789956693,0.0018782928611478212,0.0018940195660746577,9.320109183678421e-05,29.7924018343113,0.0,0.7787113846880778,0.2144736930107366,30.78558691201011,0.0,False,0,0,0,False,2026-05-19T02:26:10Z
opex_00205,hash_818731,tree,28,179,retrieval_warmstart,success,fast_converging,converged,7,4,3.8924063721946087,0.0043124598571902635,0.002347161783758407,0.0017005002871341645,9.570481146986253,0.0,0.05721132054820683,0.005345086221074738,9.633037553755535,0.21244727719547296,True,7,0,0,False,2026-05-19T02:26:10Z
opex_00206,hash_444709,bridge,17,114,standard,success,stable_linear,converged,14,13,1.3308460580631616,0.002093569592886347,0.0005620445696539887,0.0017775558462914231,10.396460537863144,0.0,1.3277456709872089,0.042906147377303486,11.767112356227656,0.0,False,0,0,0,False,2026-05-19T02:26:10Z
opex_00207,hash_449777,tree,12,93,standard,converged_early,stable_linear,converged,14,11,3.7985004825018045,0.005374401002359871,0.002681723523973739,0.0017202634301559864,21.08164461990023,0.0,1.0701137519038946,0.11932892748977167,22.271087299293896,0.0,False,0,0,0,False,2026-05-19T02:26:10Z
opex_00208,hash_417216,tree,62,55,cache_hit,cache_hit,stalled,converged,5,0,2.5879176417509933,0.0,0.00012636750948930698,0.003940845772237502,0.0,0.0,0.06960110652141278,0.050174572106310454,0.11977567862772323,0.0,False,0,0,0,False,2026-05-19T02:26:10Z
opex_00209,hash_179689,mesh,56,174,standard,converged_early,fast_converging,converged,6,5,0.7265728713620896,0.0002710416837253274,0.001177692041957704,0.0006123582795438191,5.331520325451321,0.0,0.9518409858574385,0.019575008823830734,6.3029363201325905,0.0,False,0,0,0,False,2026-05-19T02:26:10Z
opex_00210,hash_049420,star,33,167,standard,converged_early,fast_converging,converged,5,2,2.112505955022532,0.012203058282405846,0.0008339925055064417,0.00020171526601788035,1.6979943367990005,0.0,0.8591366844995473,0.07674978495283769,2.6338808062513857,0.0,False,0,0,0,False,2026-05-19T02:26:10Z
opex_00211,hash_583117,tree,15,139,cache_hit,cache_hit,divergence_risk,converged,5,0,1.9031096163009589,0.0,0.0002873783351799764,0.0010617794847427378,0.0,0.0,0.40363146522146687,0.13662522716144662,0.5402566923829135,0.0,False,0,0,0,False,2026-05-19T02:26:10Z
opex_00212,hash_716944,tree,73,111,cache_hit,cache_hit,stable_linear,converged,5,0,2.095997922432873,0.0,0.0007999829604202996,0.0005161862263788674,0.0,0.0,1.6856226803821805,0.05231572594850991,1.7379384063306904,0.0,False,0,0,0,False,2026-05-19T02:26:10Z
opex_00213,hash_660673,bridge,33,7,cache_hit,cache_hit,stable_linear,converged,5,0,3.003476032656857,0.0,2.9588644289565555e-05,0.0023778361959572686,0.0,0.0,0.2485750540581533,0.04151921546646257,0.29009426952461587,0.0,False,0,0,0,False,2026-05-19T02:26:10Z
opex_00214,hash_057221,mesh,58,126,retrieval_warmstart,converged_early,fast_converging,converged,7,5,0.9111834718718415,0.001890411046596162,4.400664630706785e-05,0.001518518556587867,7.477847424475145,0.0,0.5868140362346118,0.11702494120704053,8.181686401916798,0.6580549838612207,True,8,0,0,False,2026-05-19T02:26:10Z
opex_00215,hash_357776,star,6,195,ood_escalated,converged_early,stable_linear,converged,18,17,2.813429491480669,0.0018442312989449157,0.0008510701011270652,0.00039335552043998686,10.168950105270223,0.0,0.31745231505151145,0.005319973822291437,10.491722394144027,0.0,False,0,0,1,False,2026-05-19T02:26:10Z
opex_00216,hash_734276,tree,49,120,retrieval_warmstart,converged_early,fast_converging,converged,5,4,0.6159631944395801,0.004625759462519728,0.0010773577208048118,0.0011648981180973005,3.2038757878908903,0.0,2.789202505589033,0.014994750205818287,6.008073043685742,0.6227534032398411,True,9,0,0,False,2026-05-19T02:26:10Z
opex_00217,hash_834379,ladder,44,58,retrieval_warmstart,converged_early,fast_converging,converged,5,2,3.211022488849645,0.0008897702242621857,0.0002663287958679457,2.3993304648808654e-05,5.174736028472019,0.0,3.676579254625421,0.012277858481349543,8.86359314157879,0.23147521376529812,True,4,0,0,False,2026-05-19T02:26:10Z
opex_00218,hash_039553,mesh,61,159,cache_hit,cache_hit,stable_linear,converged,5,0,4.043173811671728,0.0,0.00036590717687223225,4.1090783775467415e-05,0.0,0.0,0.5069737425165611,0.18710058226649917,0.6940743247830603,0.0,False,0,0,0,False,2026-05-19T02:26:10Z
opex_00219,hash_223068,mesh,49,80,standard,budget_exhausted,oscillatory,budget_exhausted,13,11,4.125419624135039,0.782705236314315,0.0002562855695393642,0.0016999388921743535,31.085956554656452,0.0,0.10021922286375343,0.03489718117891115,31.221072958699118,0.0,False,0,0,0,False,2026-05-19T02:26:10Z
opex_00220,hash_221468,star,22,29,cache_hit,cache_hit,fast_converging,converged,5,0,3.622125006353353,0.0,0.0008046652104884367,0.00024366586095743962,0.0,0.0,0.35153390585819577,0.12584520917261321,0.477379115030809,0.0,False,0,0,0,False,2026-05-19T02:26:10Z
opex_00221,hash_738591,tree,6,54,ood_escalated,converged_early,fast_converging,converged,10,7,4.5306047491997745,0.001764035057938895,0.0002613566524312562,0.0005298453101530028,7.7093027406526025,0.0,1.115912609817942,0.09245358995806878,8.917668940428614,0.0,False,0,0,1,False,2026-05-19T02:26:10Z
opex_00222,hash_864418,bridge,59,89,cache_hit,cache_hit,oscillatory,converged,5,0,4.953903860342006,0.0,3.0481199632793733e-05,0.0005879375317722402,0.0,0.0,0.12474739689554747,0.014259991458813702,0.13900738835436116,0.0,False,0,0,0,False,2026-05-19T02:26:10Z
opex_00223,hash_524608,star,49,185,standard,converged_early,retrieval_assisted,converged,9,7,3.0028581168350525,0.007559666651918515,1.633305850334064e-05,0.0017058410255599656,4.202430033993915,0.0,2.206487735485061,0.24618339752657156,6.655101167005547,0.0,False,0,0,0,False,2026-05-19T02:26:10Z
opex_00224,hash_539317,bridge,32,88,standard,budget_exhausted,stable_linear,budget_exhausted,14,12,4.837204223953131,0.7450845239534958,0.0001646098313822756,0.0022034333770789088,34.317848504293735,0.0,1.4517038288236193,0.005270979155930414,35.774823312273284,0.0,False,0,0,0,False,2026-05-19T02:26:10Z
opex_00225,hash_791975,tree,75,80,standard,converged_early,fast_converging,converged,10,6,3.2269863527196145,0.00946718076685544,4.6040609957652556e-05,0.0013248277749529013,8.11977968925078,0.0,0.6511004066337759,0.13715495923778767,8.908035055122344,0.0,False,0,0,0,False,2026-05-19T02:26:10Z
opex_00226,hash_531740,bridge,17,16,cache_hit,cache_hit,fast_converging,converged,5,0,2.4187926056073015,0.0,0.0007943943957336257,0.00019194433060613962,0.0,0.0,1.090121859148712,0.17305470429497535,1.2631765634436873,0.0,False,0,0,0,False,2026-05-19T02:26:10Z
opex_00227,hash_505187,star,58,100,standard,success,stable_linear,converged,15,14,4.627706299599563,0.002609353123868731,0.00015464583755069372,0.0012542800359175764,17.267369750435343,0.0,0.7454310861900855,0.06483873622284977,18.077639572848277,0.0,False,0,0,0,False,2026-05-19T02:26:10Z
opex_00228,hash_450134,ladder,16,65,standard,converged_early,stable_linear,converged,17,15,4.6592918185759755,0.001971316373633276,0.00013670746275977453,0.0005840534017931984,9.092621597119994,0.0,1.1539966588373323,0.12150064624767959,10.368118902205007,0.0,False,0,0,0,False,2026-05-19T02:26:10Z
opex_00229,hash_389919,tree,42,145,standard,success,stable_linear,converged,14,12,1.8445229197441322,0.011091223080504918,1.3727820737667998e-05,0.000389680206849453,22.63070043649107,0.0,0.16042402193716063,0.009830983321368128,22.8009554417496,0.0,False,0,0,0,False,2026-05-19T02:26:10Z
opex_00230,hash_790474,mesh,31,58,standard,budget_exhausted,stalled,budget_exhausted,23,20,1.5157747572760734,0.38797755304615344,0.0006540175817691546,0.00014851797486041177,14.051930523252839,0.0,1.770327971154374,0.19316802395927102,16.015426518366485,0.0,False,0,0,0,False,2026-05-19T02:26:10Z
opex_00231,hash_652962,bridge,71,112,cache_hit,cache_hit,stalled,converged,5,0,2.3121667444755207,0.0,0.0011162894002554693,0.001146306874356436,0.0,0.0,0.14295845855094444,0.055037485241756307,0.19799594379270075,0.0,False,0,0,0,False,2026-05-19T02:26:10Z
opex_00232,hash_962454,tree,45,81,standard,converged_early,fast_converging,converged,6,3,2.714245202220803,0.007960655704700302,0.0002646706532456003,0.0002562262962200276,5.6328821497119925,0.0,0.7414209950735056,0.021582566722229416,6.395885711507728,0.0,False,0,0,0,False,2026-05-19T02:26:10Z
opex_00233,hash_966498,tree,74,191,standard,budget_exhausted,oscillatory,budget_exhausted,17,15,4.696450652086029,1.4525427824877584,0.00031716102663131076,0.0005094379112695612,29.947316527675156,0.0,1.0582854321454296,0.013357039090052564,31.018958998910637,0.0,False,0,0,0,False,2026-05-19T02:26:10Z
opex_00234,hash_229304,tree,6,79,standard,success,stable_linear,converged,14,11,2.1137971187911613,0.012114686572842846,2.115634333969269e-05,0.00037946576612332916,7.064238438885281,0.0,1.4546901946764357,0.0655511220888673,8.584479755650584,0.0,False,0,0,0,False,2026-05-19T02:26:10Z
opex_00235,hash_414380,ladder,53,106,standard,converged_early,fast_converging,converged,5,3,0.8452527208379835,0.0009079242700197476,6.305127310035395e-05,0.0006917540434548901,2.297529730111704,0.0,0.12119631976181433,0.14655180682729563,2.565277856700814,0.0,False,0,0,0,False,2026-05-19T02:26:10Z
opex_00236,hash_494080,bridge,55,192,standard,budget_exhausted,stable_linear,budget_exhausted,9,9,4.795546679864648,0.7700349609469036,0.0006489699050979279,0.0009208177984579845,17.589074566976702,0.0,0.5132648948519577,0.025630861888517344,18.127970323717175,0.0,False,0,0,0,False,2026-05-19T02:26:10Z
opex_00237,hash_255821,bridge,20,160,cache_hit,cache_hit,stable_linear,converged,5,0,0.9436740360887141,0.0,0.00012383891642555415,0.00029337991630392897,0.0,0.0,0.7549594820592762,0.061721075517538936,0.8166805575768151,0.0,False,0,0,0,False,2026-05-19T02:26:10Z
opex_00238,hash_375897,tree,55,5,standard,converged_early,stable_linear,converged,20,19,2.614619174151179,0.003490706922576559,0.00022410773443524746,0.00037835158299036786,47.09196314908134,0.0,2.47442069354587,0.027298271276828687,49.59368211390403,0.0,False,0,0,0,False,2026-05-19T02:26:10Z
opex_00239,hash_016555,bridge,56,22,degraded,degraded,fast_converging,escalate,27,25,2.0383127847414144,0.9163234761156721,1.2991250025578052e-05,0.00025707611908501064,47.930799765596,2.1657922159640735,0.9425769453253531,0.006220280101286391,51.04538920698672,0.0,False,0,1,1,True,2026-05-19T02:26:10Z
opex_00240,hash_782479,mesh,16,171,retrieval_warmstart,budget_exhausted,stable_linear,budget_exhausted,17,16,1.6901231750023584,0.509434886762525,7.053945045624409e-05,0.0002461234911575727,45.41512645228469,0.0,0.6275772402527149,0.03447419255341509,46.07717788509082,0.014567154751278899,True,5,0,0,False,2026-05-19T02:26:10Z
opex_00241,hash_455433,tree,31,39,ood_escalated,converged_early,fast_converging,converged,5,3,1.775138310010032,0.009077307323528993,0.000783067801893369,0.00046809841949817585,6.189974697781748,0.0,0.012417829145687901,0.012713585550939085,6.2151061124783755,0.0,False,0,0,1,False,2026-05-19T02:26:10Z
opex_00242,hash_268614,tree,17,75,retrieval_semantic,converged_early,stable_linear,converged,14,11,0.5330036787628112,0.00013074149636536575,0.0008058470963394653,0.0007349058723217962,32.851004698469644,0.0,0.22544849987306195,0.01992730559394755,33.09638050393665,0.11354064232628669,False,0,0,0,False,2026-05-19T02:26:10Z
opex_00243,hash_113604,bridge,45,29,retrieval_warmstart,success,stable_linear,converged,13,13,0.8473438860191058,0.0009309676554186964,0.00013575605249483729,0.00013157191856143392,23.353254881636353,0.0,0.2821606005297094,0.027169231298440146,23.662584713464504,0.9895053333843224,True,9,0,0,False,2026-05-19T02:26:10Z
opex_00244,hash_604111,bridge,26,180,standard,success,fast_converging,converged,5,3,2.3694935026644033,0.00012148930740427532,0.0004085272008587851,0.00019489902910470842,2.2381814182602655,0.0,3.140074669663983,0.0507345662107091,5.4289906541349575,0.0,False,0,0,0,False,2026-05-19T02:26:10Z
opex_00245,hash_978582,star,58,23,retrieval_warmstart,converged_early,fast_converging,converged,7,5,4.296897697942821,0.001964641079967597,0.0011624968239651026,0.003260109545963442,11.628041679473352,0.0,0.6730906182878721,0.054809659744070476,12.355941957505294,0.7396828977631081,True,8,0,0,False,2026-05-19T02:26:10Z
opex_00246,hash_700399,bridge,37,192,standard,success,fast_converging,converged,5,1,1.1299431952479329,0.0026877183660043197,0.0007953757504501566,0.0005154018868145539,1.7990291895075188,0.0,5.662537503605446,0.012263851666978774,7.473830544779943,0.0,False,0,0,0,False,2026-05-19T02:26:10Z
opex_00247,hash_265303,star,49,172,cache_hit,cache_hit,fast_converging,converged,5,0,2.074344728813845,0.0,0.00027945194995939896,0.0010668325945261288,0.0,0.0,0.37835177979145923,0.017718970030489823,0.39607074982194906,0.0,False,0,0,0,False,2026-05-19T02:26:10Z
opex_00248,hash_154536,mesh,68,29,retrieval_semantic,stagnated,oscillatory,stagnated,14,14,4.083096242553742,2.4254003031317355,0.0009418853013231987,0.0006697777362601625,11.66137439836332,0.0,0.30290809273269026,0.032158787331419074,11.996441278427428,0.5992992870063887,False,0,0,0,False,2026-05-19T02:26:10Z
opex_00249,hash_321395,bridge,37,194,cache_hit,cache_hit,stable_linear,converged,5,0,3.131725150876059,0.0,0.0028382882371734233,0.00019165610901684236,0.0,0.0,0.09587453001880661,0.05413246705322382,0.1500069970720304,0.0,False,0,0,0,False,2026-05-19T02:26:10Z
opex_00250,hash_239608,ladder,20,192,retrieval_warmstart,converged_early,fast_converging,converged,9,8,1.8788695220796636,0.004049908432038345,0.0008867116130036374,0.0005559969016837087,16.308415596416708,0.0,0.08509495153710221,0.009594155982650752,16.40310470393646,0.17182946035765845,True,8,0,0,False,2026-05-19T02:26:10Z
opex_00251,hash_629507,tree,44,113,retrieval_semantic,success,stable_linear,converged,16,13,1.6969896189169609,0.002023183773643848,0.0008151000676824673,0.0012276348702100412,28.03345732651052,0.0,1.6487912982917097,0.11354013447811484,29.79578875928034,0.8160790423433513,False,0,0,0,False,2026-05-19T02:26:10Z
opex_00252,hash_934678,bridge,42,68,retrieval_warmstart,converged_early,fast_converging,converged,8,4,1.1215638191311126,0.009798941551541256,0.0006932637057309128,0.001123601544644306,4.390663840750297,0.0,1.4189845957483118,0.07635697299578957,5.886005409494398,0.31259802490830013,True,6,0,0,False,2026-05-19T02:26:10Z
opex_00253,hash_223034,star,62,130,oracle_forced,converged_early,fast_converging,converged,11,8,1.4306805191002832,0.00351049506125729,0.00037424225898005246,0.0005576840791784313,16.904371516893278,0.0,1.3673342168122133,0.018212907745905907,18.289918641451397,0.0,False,0,0,1,False,2026-05-19T02:26:10Z
opex_00254,hash_905112,ladder,8,156,retrieval_semantic,stagnated,oscillatory,stagnated,13,11,1.618429194173417,0.6907084350304376,0.0016545729630086433,0.0020833584057535874,13.817823730190415,0.0,1.956856693163304,0.10232634503980557,15.877006768393526,0.7646509503848735,False,0,0,0,False,2026-05-19T02:26:10Z
opex_00255,hash_116582,bridge,61,76,oracle_forced,budget_exhausted,oscillatory,budget_exhausted,15,13,1.8772122480294717,0.23554115503040063,0.00019495357893743235,5.152880902331048e-06,20.97580943593807,0.0,0.08801774948675122,0.06238791110025573,21.12621509652508,0.0,False,0,0,1,False,2026-05-19T02:26:10Z
opex_00256,hash_350068,mesh,35,182,oracle_forced,converged_early,fast_converging,converged,9,5,0.7413565618437388,0.006319764045182417,0.0006452635514220832,0.001891124791748205,7.292464263228236,0.0,0.18425773618939914,0.09552943941290197,7.572251438830537,0.0,False,0,0,1,False,2026-05-19T02:26:10Z
opex_00257,hash_053634,tree,64,51,standard,success,fast_converging,converged,11,10,2.335001154827732,0.010874494587831098,4.8346799252431925e-05,0.0032549336559040713,21.97906420798907,0.0,0.9979780639855181,0.020773857161300112,22.997816129135884,0.0,False,0,0,0,False,2026-05-19T02:26:10Z
opex_00258,hash_807461,star,16,140,retrieval_warmstart,budget_exhausted,oscillatory,budget_exhausted,15,15,0.752729044564909,0.15224369278689956,0.0007498522479992049,0.00018825476398648785,13.77974041942457,0.0,0.6210005752530997,0.0066916968964922,14.407432691574162,0.12188808253227046,True,3,0,0,False,2026-05-19T02:26:10Z
opex_00259,hash_159379,mesh,66,20,retrieval_warmstart,converged_early,fast_converging,converged,5,4,1.118127856859034,0.0016208311221770986,4.7157714207294464e-05,0.002671102381372735,8.607985296909103,0.0,1.3718507118962506,0.023667208158319197,10.003503216963672,0.8456535222773424,True,7,0,0,False,2026-05-19T02:26:10Z
opex_00260,hash_000215,mesh,6,8,cache_hit,cache_hit,fast_converging,converged,5,0,1.2551656804071287,0.0,0.00012824661166591311,6.999846564773325e-05,0.0,0.0,2.6423742742292413,0.03315296984773289,2.6755272440769744,0.0,False,0,0,0,False,2026-05-19T02:26:10Z
opex_00261,hash_393444,star,45,43,retrieval_semantic,success,stable_linear,converged,14,11,4.974486362085717,0.001324571834032721,5.533357683015852e-05,0.00021056712846290914,6.571340774582765,0.0,0.4972694167851566,0.08607597621666284,7.154686167584585,0.3412444497577206,False,0,0,0,False,2026-05-19T02:26:10Z
opex_00262,hash_466995,star,31,153,standard,stagnated,stalled,stagnated,28,25,4.949782435866484,2.4416921874061566,0.004334833584320394,0.0014047409020363848,28.037805288331647,0.0,0.7730456870860419,0.24727070263269305,29.058121678050384,0.0,False,0,0,0,False,2026-05-19T02:26:10Z
opex_00263,hash_109779,bridge,31,173,retrieval_semantic,success,fast_converging,converged,5,3,1.5510531248087494,0.0003531136007313142,0.00020717703525116856,0.0008109167485496629,3.6852080462830834,0.0,0.5402454786595356,0.028649755390741216,4.254103280333361,0.8759049249998946,False,0,0,0,False,2026-05-19T02:26:10Z
opex_00264,hash_617585,bridge,3,56,cache_hit,cache_hit,divergence_risk,converged,5,0,4.299416888685721,0.0,0.002474650425336997,0.001265609551915095,0.0,0.0,0.394943878222548,0.00604882543959922,0.40099270366214723,0.0,False,0,0,0,False,2026-05-19T02:26:10Z
opex_00265,hash_533484,star,70,82,standard,success,fast_converging,converged,7,6,2.761095423932445,7.242824109338043e-05,0.0016244566375358315,0.0039525224173267304,12.08889293121371,0.0,0.7005915957539225,0.11035743853160714,12.89984196549924,0.0,False,0,0,0,False,2026-05-19T02:26:10Z
opex_00266,hash_573987,mesh,57,196,standard,converged_early,fast_converging,converged,5,4,1.492289542114916,0.001028738130423196,0.0030122409940177746,0.00023559275911395636,4.609185796501681,0.0,3.493837114130196,0.07134631612061719,8.174369226752495,0.0,False,0,0,0,False,2026-05-19T02:26:10Z
opex_00267,hash_413244,mesh,16,184,oracle_forced,converged_early,fast_converging,converged,6,5,2.526271177241866,0.0037869300273215573,0.0013693100789034568,0.0017483604920662762,11.207017526800577,0.0,2.577982779704181,0.09083002703142044,13.875830333536179,0.0,False,0,0,1,False,2026-05-19T02:26:10Z
opex_00268,hash_847374,bridge,64,159,cache_hit,cache_hit,stable_linear,converged,5,0,1.3850968879077037,0.0,0.00027113087588043504,0.00035652865891681683,0.0,0.0,0.9186572411940529,0.06454951573057113,0.983206756924624,0.0,False,0,0,0,False,2026-05-19T02:26:10Z
opex_00269,hash_004136,tree,47,92,retrieval_warmstart,success,stable_linear,converged,20,16,2.0431834824163815,0.0057580107635404575,2.567541475277774e-05,0.0011713342458765322,20.64405246187882,0.0,0.05735463100539237,0.0520564278237165,20.753463520707932,0.24080381607317325,True,8,0,0,False,2026-05-19T02:26:10Z
opex_00270,hash_163991,ladder,76,113,cache_hit,cache_hit,divergence_risk,converged,5,0,1.2276254897329408,0.0,0.0033764751027313255,0.00023041288021614605,0.0,0.0,0.7911509676433816,0.11291502946636452,0.9040659971097461,0.0,False,0,0,0,False,2026-05-19T02:26:10Z
opex_00271,hash_169439,ladder,55,135,retrieval_warmstart,converged_early,fast_converging,converged,11,7,1.6567821148514392,0.0031277822441201364,0.00025744846813005286,0.0013622075409687193,19.58614054344019,0.0,0.5512486005622603,0.025937594394579037,20.163326738397032,0.9615507321375663,True,4,0,0,False,2026-05-19T02:26:10Z
opex_00272,hash_145213,bridge,3,53,standard,success,stable_linear,converged,11,10,2.134649082541146,0.007897821368013676,0.0028300877176850544,0.0009760682660325609,23.54068218629722,0.0,1.6352548810867347,0.09822929970591489,25.27416636708987,0.0,False,0,0,0,False,2026-05-19T02:26:10Z
opex_00273,hash_906814,ladder,69,184,ood_escalated,budget_exhausted,oscillatory,budget_exhausted,18,15,1.3388891218428856,0.5352179469704743,0.0007889886328531671,0.0002282369865434577,18.44666900616777,0.0,1.380744623767398,0.03794706987231407,19.865360699807482,0.0,False,0,0,1,False,2026-05-19T02:26:10Z
opex_00274,hash_219222,tree,79,27,standard,budget_exhausted,divergence_risk,budget_exhausted,18,18,3.682755103575502,0.7397518909895434,0.0005919027681089137,0.00013176137809385667,18.269101614463274,0.0,0.000943860563902917,0.00700283581105462,18.277048310838232,0.0,False,0,0,0,False,2026-05-19T02:26:10Z
opex_00275,hash_003089,ladder,14,184,standard,success,stable_linear,converged,9,8,4.349980055461426,0.0027089257363508345,0.00037021302137778327,0.0027602579532708055,14.313531021541461,0.0,0.6876699810223662,0.01482606061437151,15.0160270631782,0.0,False,0,0,0,False,2026-05-19T02:26:10Z
opex_00276,hash_415685,mesh,19,158,standard,converged_early,fast_converging,converged,7,5,3.5617298619313496,0.0016018553414332995,0.0017583741805245483,0.0013465654179081702,12.362785556851676,0.0,0.12681858643837365,0.01257296437681845,12.502177107666869,0.0,False,0,0,0,False,2026-05-19T02:26:10Z
opex_00277,hash_779110,star,6,174,standard,budget_exhausted,stalled,budget_exhausted,25,22,0.9172166486462145,0.2869871375080022,0.001723960100444342,0.0001068948504475114,54.55402280876511,0.0,1.669039331019146,0.03791545671782508,56.26097759650209,0.0,False,0,0,0,False,2026-05-19T02:26:10Z
opex_00278,hash_409337,star,13,128,standard,stagnated,oscillatory,stagnated,21,21,3.7450956081057067,1.3988451392848236,0.0003980707632086807,0.0006678927880841085,11.800156072747937,0.0,0.28610868024263936,0.031203109468290722,12.117467862458867,0.0,False,0,0,0,False,2026-05-19T02:26:10Z
opex_00279,hash_308645,star,40,193,standard,stagnated,stalled,stagnated,16,15,1.7453935937808887,0.9133094415724543,0.0004261817261473234,0.002701089832665207,42.099192735133954,0.0,0.6979021072718166,0.024866216270422865,42.821961058676195,0.0,False,0,0,0,False,2026-05-19T02:26:10Z
opex_00280,hash_873272,tree,78,52,retrieval_semantic,budget_exhausted,stalled,budget_exhausted,11,9,0.8843136357322474,0.4324157105431484,0.0007298328070248494,0.0009524005241928168,9.823720110918915,0.0,0.6606762829884718,0.033031395544308076,10.517427789451695,0.07489584200198374,False,0,0,0,False,2026-05-19T02:26:10Z
opex_00281,hash_548065,bridge,37,183,retrieval_warmstart,success,stable_linear,converged,15,14,2.3103816862206736,0.0027665220251935443,0.0004826968844901495,0.0012696697580036806,26.163125942099807,0.0,2.8784491204779834,0.019443493315591493,29.061018555893384,0.10056273208344435,True,7,0,0,False,2026-05-19T02:26:10Z
opex_00282,hash_021341,bridge,21,190,retrieval_semantic,success,oscillatory,converged,17,14,4.969693383933859,0.010145910981646585,0.0008315816775419848,0.0007269678910639319,16.961013380663836,0.0,0.7281723170694037,0.09925347696169272,17.788439174694933,0.6851745132777806,False,0,0,0,False,2026-05-19T02:26:10Z
opex_00283,hash_227966,mesh,9,30,retrieval_warmstart,converged_early,fast_converging,converged,8,6,4.334217871121118,0.004096025778827217,0.0007230749700078633,0.0001048936397058432,3.2404223468268465,0.0,3.315529595780795,0.028659327852463407,6.584611270460106,0.6032130620995043,True,4,0,0,False,2026-05-19T02:26:10Z
opex_00284,hash_217508,bridge,25,89,standard,success,fast_converging,converged,9,6,3.5437926600950274,0.0017902817713168634,0.00020339579323191284,0.0014124374859492198,10.112369188186197,0.0,0.2559115459033342,0.05293668871942186,10.421217422808953,0.0,False,0,0,0,False,2026-05-19T02:26:10Z
opex_00285,hash_186720,star,11,16,cache_hit,cache_hit,retrieval_assisted,converged,5,0,4.27373999390283,0.0,0.0016532358627390298,0.0003825858563802467,0.0,0.0,0.48148190747899494,0.02296315520707851,0.5044450626860735,0.0,False,0,0,0,False,2026-05-19T02:26:10Z
opex_00286,hash_347236,star,53,78,standard,success,stable_linear,converged,16,15,2.6965289454518073,0.008384912662524717,0.00010450487748131631,0.0005597432846777175,31.068831383857646,0.0,0.24226982495976618,0.05437160335332082,31.365472812170733,0.0,False,0,0,0,False,2026-05-19T02:26:10Z
opex_00287,hash_697652,mesh,20,175,standard,success,oscillatory,converged,10,7,4.6333472124673305,0.00024066253263454085,0.00041371860712642486,0.0005194435746570047,7.6827543566540095,0.0,0.9912106793280115,0.05613547183920647,8.730100507821229,0.0,False,0,0,0,False,2026-05-19T02:26:10Z
opex_00288,hash_319248,mesh,37,178,standard,budget_exhausted,oscillatory,budget_exhausted,18,14,1.5914492446233683,0.34483105318731755,0.0025811035076689377,0.0002618670193160111,17.123536598688386,0.0,0.4610107944110473,0.059493937656656254,17.644041330756092,0.0,False,0,0,0,False,2026-05-19T02:26:10Z
opex_00289,hash_626614,bridge,51,128,standard,converged_early,fast_converging,converged,5,4,4.7029008836503365,0.0007023981263643259,0.001596493839123817,0.000709172283184032,9.50330775819956,0.0,0.37210092684170115,0.041127728751351254,9.916536413792613,0.0,False,0,0,0,False,2026-05-19T02:26:10Z
opex_00290,hash_274270,bridge,46,163,standard,budget_exhausted,oscillatory,budget_exhausted,23,21,3.637248144306577,0.4848059916821835,0.0019874796762325902,0.0006550038568828441,14.109580087180591,0.0,0.7978795716699965,0.031992495722962165,14.93945215457355,0.0,False,0,0,0,False,2026-05-19T02:26:10Z
opex_00291,hash_727467,bridge,70,38,standard,budget_exhausted,stable_linear,budget_exhausted,13,11,1.8720640597327858,0.331487428781909,0.0001381951044775152,0.0003536216078176968,26.951322393601195,0.0,0.6379516038605493,0.017904972825242005,27.607178970286988,0.0,False,0,0,0,False,2026-05-19T02:26:10Z
opex_00292,hash_927890,bridge,52,165,retrieval_semantic,converged_early,retrieval_assisted,converged,8,4,3.946407915481392,0.00041263351372739144,4.820163581924066e-05,1.9639651952825272e-05,3.8879402777344447,0.0,0.535132656804142,0.14230796067539278,4.56538089521398,0.4570596592657763,False,0,0,0,False,2026-05-19T02:26:10Z
opex_00293,hash_557749,star,27,160,standard,stagnated,stalled,stagnated,18,18,4.522700798014958,1.9643290155447872,0.0009546931403682533,0.0026160303669054813,52.29263245236082,0.0,0.7112277339379046,0.035149312249787366,53.03900949854851,0.0,False,0,0,0,False,2026-05-19T02:26:10Z
opex_00294,hash_774124,star,57,184,cache_hit,cache_hit,stable_linear,converged,5,0,3.1443214397679893,0.0,0.0017180915629808145,0.0004980197065304156,0.0,0.0,1.3093396943776396,0.027139252979609386,1.336478947357249,0.0,False,0,0,0,False,2026-05-19T02:26:10Z
opex_00295,hash_273326,tree,4,67,cache_hit,cache_hit,fast_converging,converged,5,0,4.7676629875501355,0.0,9.576859262634183e-05,0.00017607830972219597,0.0,0.0,0.7711955228569481,0.005714918535475457,0.7769104413924236,0.0,False,0,0,0,False,2026-05-19T02:26:10Z
opex_00296,hash_148178,tree,14,21,standard,success,fast_converging,converged,9,5,0.759834857601662,0.009322045572858302,6.086542929514249e-05,0.00031699306154096135,3.796954294198205,0.0,0.35015628849135544,0.009746283404971943,4.156856866094532,0.0,False,0,0,0,False,2026-05-19T02:26:10Z
opex_00297,hash_766054,mesh,20,116,retrieval_warmstart,success,stable_linear,converged,15,11,2.812399365709722,0.00796400707331836,0.00041246185405256064,0.0012224424043864395,10.656372570771959,0.0,1.3886910578809528,0.018459152364915427,12.063522781017827,0.14354475594376792,True,8,0,0,False,2026-05-19T02:26:10Z
opex_00298,hash_169357,mesh,32,8,standard,success,oscillatory,converged,20,19,1.091355722848708,0.001522344313521968,0.0008703987574246025,0.0012664439441847915,15.410039625464941,0.0,0.9152843885176669,0.04496443103508036,16.37028844501769,0.0,False,0,0,0,False,2026-05-19T02:26:10Z
opex_00299,hash_712550,tree,20,198,retrieval_semantic,stagnated,stalled,stagnated,19,16,4.197885876434256,1.4927161502515438,0.0013755425992601701,4.9099773402424974e-05,45.9408131005566,0.0,1.2418826804312135,0.0053409875154987385,47.18803676850331,0.763856500200214,False,0,0,0,False,2026-05-19T02:26:10Z
